Date, Open, High, Low, Close
09/24/21,1.435,1.463,1.406,1.454
09/23/21,1.311,1.435,1.307,1.435
09/22/21,1.325,1.344,1.296,1.311
09/21/21,1.313,1.347,1.306,1.325
09/20/21,1.371,1.371,1.303,1.313
09/17/21,1.335,1.384,1.328,1.371
09/16/21,1.301,1.351,1.295,1.335
09/15/21,1.291,1.319,1.263,1.301
09/14/21,1.326,1.348,1.274,1.291
09/13/21,1.340,1.350,1.313,1.326
09/10/21,1.303,1.344,1.300,1.341
09/09/21,1.344,1.347,1.292,1.303
09/08/21,1.373,1.377,1.338,1.344
09/07/21,1.326,1.383,1.326,1.373
09/05/21,1.326,1.326,1.326,1.326
09/03/21,1.289,1.335,1.284,1.326
09/02/21,1.300,1.305,1.286,1.289
09/01/21,1.308,1.337,1.291,1.300
08/31/21,1.280,1.309,1.268,1.308
08/30/21,1.305,1.318,1.276,1.280
08/27/21,1.357,1.359,1.304,1.314
08/26/21,1.349,1.369,1.332,1.357
08/25/21,1.295,1.349,1.286,1.349
08/24/21,1.252,1.295,1.252,1.295
08/23/21,1.261,1.282,1.233,1.252
08/20/21,1.246,1.263,1.227,1.261
08/19/21,1.262,1.268,1.222,1.246
08/18/21,1.264,1.299,1.257,1.262
08/17/21,1.276,1.276,1.219,1.264
08/16/21,1.286,1.288,1.240,1.276
08/13/21,1.362,1.366,1.285,1.286
08/12/21,1.337,1.380,1.336,1.362
08/11/21,1.357,1.379,1.306,1.337
08/10/21,1.323,1.364,1.306,1.357
08/09/21,1.303,1.328,1.268,1.323
08/06/21,1.224,1.310,1.222,1.303
08/05/21,1.184,1.227,1.168,1.224
08/04/21,1.175,1.215,1.132,1.184
08/03/21,1.178,1.200,1.154,1.175
08/02/21,1.228,1.246,1.146,1.178
07/30/21,1.272,1.272,1.226,1.228
07/29/21,1.234,1.289,1.231,1.272
07/28/21,1.247,1.273,1.226,1.234
07/27/21,1.297,1.297,1.231,1.247
07/26/21,1.276,1.301,1.221,1.297
07/23/21,1.280,1.312,1.271,1.276
07/22/21,1.292,1.319,1.229,1.280
07/21/21,1.224,1.302,1.194,1.292
07/20/21,1.194,1.225,1.133,1.224
07/19/21,1.294,1.295,1.182,1.194
07/16/21,1.299,1.341,1.293,1.294
07/15/21,1.345,1.351,1.295,1.299
07/14/21,1.423,1.423,1.338,1.345
07/13/21,1.365,1.437,1.331,1.423
07/12/21,1.360,1.378,1.324,1.365
07/09/21,1.298,1.363,1.298,1.360
07/08/21,1.319,1.323,1.246,1.298
07/07/21,1.351,1.372,1.288,1.319
07/06/21,1.437,1.449,1.349,1.351
07/04/21,1.437,1.437,1.437,1.437
07/02/21,1.455,1.472,1.426,1.437
07/01/21,1.469,1.482,1.449,1.455
06/30/21,1.472,1.484,1.436,1.469
06/29/21,1.478,1.510,1.470,1.472
06/28/21,1.528,1.536,1.466,1.478
06/25/21,1.493,1.556,1.482,1.528
06/24/21,1.486,1.506,1.473,1.493
06/23/21,1.467,1.496,1.462,1.486
06/22/21,1.499,1.519,1.463,1.467
06/21/21,1.438,1.502,1.351,1.499
06/18/21,1.509,1.525,1.431,1.438
06/17/21,1.580,1.595,1.446,1.509
06/16/21,1.498,1.585,1.481,1.580
06/15/21,1.498,1.516,1.480,1.498
06/14/21,1.453,1.507,1.453,1.498
06/11/21,1.441,1.473,1.428,1.453
06/10/21,1.490,1.533,1.440,1.441
06/09/21,1.543,1.543,1.470,1.490
06/08/21,1.573,1.573,1.515,1.543
06/07/21,1.554,1.585,1.554,1.573
06/04/21,1.625,1.638,1.548,1.554
06/03/21,1.588,1.633,1.584,1.625
06/02/21,1.613,1.621,1.587,1.588
06/01/21,1.584,1.647,1.584,1.613
05/30/21,1.584,1.584,1.584,1.584
05/28/21,1.611,1.627,1.582,1.584
05/27/21,1.578,1.625,1.571,1.605
05/26/21,1.558,1.583,1.550,1.578
05/25/21,1.603,1.613,1.554,1.558
05/24/21,1.619,1.628,1.590,1.603
05/21/21,1.624,1.640,1.610,1.619
05/20/21,1.675,1.681,1.622,1.624
05/19/21,1.639,1.695,1.620,1.675
05/18/21,1.652,1.661,1.624,1.639
05/17/21,1.626,1.655,1.607,1.652
05/14/21,1.660,1.668,1.624,1.626
05/13/21,1.700,1.705,1.655,1.661
05/12/21,1.619,1.702,1.612,1.700
05/11/21,1.604,1.626,1.588,1.619
05/10/21,1.577,1.608,1.568,1.604
05/07/21,1.568,1.584,1.489,1.577
05/06/21,1.576,1.587,1.561,1.568
05/05/21,1.593,1.617,1.571,1.576
05/04/21,1.606,1.626,1.559,1.593
05/03/21,1.625,1.650,1.595,1.606
04/30/21,1.643,1.660,1.625,1.625
04/29/21,1.614,1.680,1.614,1.643
04/28/21,1.619,1.657,1.611,1.614
04/27/21,1.575,1.626,1.567,1.620
04/26/21,1.564,1.601,1.561,1.575
04/23/21,1.545,1.575,1.537,1.564
04/22/21,1.561,1.587,1.532,1.545
04/21/21,1.562,1.587,1.557,1.561
04/20/21,1.603,1.631,1.560,1.562
04/19/21,1.584,1.608,1.556,1.603
04/16/21,1.577,1.594,1.554,1.584
04/15/21,1.632,1.647,1.536,1.577
04/14/21,1.622,1.650,1.613,1.632
04/13/21,1.669,1.702,1.619,1.622
04/12/21,1.660,1.683,1.647,1.669
04/09/21,1.629,1.688,1.623,1.660
04/08/21,1.674,1.675,1.628,1.629
04/07/21,1.658,1.674,1.635,1.674
04/06/21,1.702,1.720,1.652,1.658
04/05/21,1.720,1.741,1.698,1.702
04/02/21,1.676,1.724,1.672,1.720
04/01/21,1.745,1.752,1.675,1.676
03/31/21,1.722,1.748,1.708,1.745
03/30/21,1.715,1.778,1.708,1.722
03/29/21,1.685,1.721,1.637,1.715
03/26/21,1.637,1.685,1.623,1.685
03/25/21,1.617,1.635,1.595,1.628
03/24/21,1.627,1.645,1.594,1.617
03/23/21,1.697,1.698,1.627,1.627
03/22/21,1.726,1.726,1.665,1.697
03/19/21,1.712,1.743,1.674,1.726
03/18/21,1.645,1.757,1.635,1.712
03/17/21,1.617,1.684,1.615,1.645
03/16/21,1.610,1.623,1.591,1.617
03/15/21,1.629,1.639,1.601,1.610
03/12/21,1.538,1.635,1.536,1.629
03/11/21,1.518,1.554,1.479,1.538
03/10/21,1.532,1.571,1.506,1.518
03/09/21,1.599,1.599,1.526,1.596
03/08/21,1.568,1.617,1.568,1.599
03/05/21,1.564,1.614,1.538,1.568
03/04/21,1.485,1.566,1.453,1.564
03/03/21,1.405,1.498,1.400,1.485
03/02/21,1.426,1.456,1.391,1.405
03/01/21,1.415,1.458,1.387,1.426
02/26/21,1.525,1.552,1.409,1.415
02/25/21,1.382,1.556,1.375,1.525
02/24/21,1.349,1.429,1.331,1.382
02/23/21,1.364,1.383,1.347,1.349
02/22/21,1.340,1.393,1.328,1.364
02/19/21,1.298,1.363,1.285,1.340
02/18/21,1.274,1.316,1.260,1.298
02/17/21,1.316,1.332,1.274,1.274
02/16/21,1.210,1.316,1.210,1.316
02/14/21,1.210,1.210,1.210,1.210
02/12/21,1.167,1.212,1.150,1.210
02/11/21,1.130,1.172,1.130,1.167
02/10/21,1.161,1.176,1.128,1.130
02/09/21,1.168,1.171,1.141,1.161
02/08/21,1.169,1.201,1.145,1.168
02/05/21,1.148,1.189,1.129,1.169
02/04/21,1.139,1.162,1.125,1.148
02/03/21,1.101,1.145,1.101,1.139
02/02/21,1.078,1.121,1.073,1.101
02/01/21,1.064,1.089,1.061,1.078
01/29/21,1.050,1.104,1.043,1.064
01/28/21,1.016,1.065,1.004,1.050
01/27/21,1.041,1.053,1.007,1.016
01/26/21,1.033,1.053,1.030,1.041
01/25/21,1.086,1.105,1.025,1.033
01/22/21,1.113,1.120,1.083,1.086
01/21/21,1.083,1.118,1.076,1.113
01/20/21,1.095,1.107,1.079,1.083
01/19/21,1.090,1.121,1.080,1.095
01/17/21,1.090,1.090,1.090,1.090
01/15/21,1.128,1.128,1.088,1.090
01/14/21,1.087,1.134,1.079,1.128
01/13/21,1.134,1.134,1.074,1.087
01/12/21,1.145,1.185,1.132,1.134
01/11/21,1.120,1.147,1.098,1.145
01/08/21,1.084,1.133,1.077,1.120
01/07/21,1.039,1.090,1.029,1.084
01/06/21,0.957,1.059,0.943,1.039
01/05/21,0.917,0.969,0.917,0.957
01/04/21,0.919,0.957,0.903,0.917
12/31/20,0.926,0.932,0.912,0.919
12/30/20,0.941,0.958,0.924,0.926
12/29/20,0.926,0.953,0.926,0.938
12/28/20,0.933,0.964,0.921,0.926
12/24/20,0.950,0.956,0.933,0.933
12/23/20,0.920,0.969,0.908,0.950
12/22/20,0.936,0.941,0.918,0.920
12/21/20,0.946,0.946,0.887,0.936
12/18/20,0.937,0.956,0.915,0.946
12/17/20,0.916,0.945,0.895,0.937
12/16/20,0.913,0.951,0.902,0.916
12/15/20,0.896,0.923,0.887,0.913
12/14/20,0.897,0.936,0.889,0.896
12/11/20,0.907,0.916,0.877,0.897
12/10/20,0.942,0.943,0.900,0.907
12/09/20,0.919,0.958,0.919,0.942
12/08/20,0.926,0.941,0.903,0.919
12/07/20,0.970,0.972,0.924,0.926
12/04/20,0.910,0.986,0.906,0.970
12/03/20,0.935,0.946,0.897,0.910
12/02/20,0.928,0.964,0.912,0.935
12/01/20,0.845,0.946,0.839,0.928
11/30/20,0.846,0.860,0.834,0.845
11/27/20,0.886,0.886,0.843,0.846
11/25/20,0.882,0.898,0.858,0.886
11/24/20,0.855,0.890,0.855,0.882
11/23/20,0.829,0.868,0.825,0.855
11/20/20,0.835,0.848,0.821,0.829
11/19/20,0.873,0.873,0.827,0.835
11/18/20,0.860,0.891,0.838,0.873
11/17/20,0.904,0.916,0.860,0.860
11/16/20,0.895,0.928,0.873,0.904
11/13/20,0.884,0.903,0.866,0.895
11/12/20,0.979,0.979,0.875,0.884
11/10/20,0.935,0.971,0.910,0.964
11/09/20,0.815,0.971,0.797,0.935
11/06/20,0.770,0.839,0.757,0.815
11/05/20,0.769,0.803,0.721,0.770
11/04/20,0.898,0.937,0.715,0.769
11/03/20,0.857,0.899,0.844,0.898
11/02/20,0.879,0.879,0.829,0.857
10/30/20,0.827,0.882,0.805,0.879
10/29/20,0.772,0.841,0.772,0.827
10/28/20,0.775,0.785,0.749,0.772
10/27/20,0.804,0.809,0.767,0.775
10/26/20,0.842,0.851,0.786,0.804
10/23/20,0.866,0.870,0.832,0.842
10/22/20,0.823,0.876,0.808,0.866
10/21/20,0.789,0.831,0.789,0.823
10/20/20,0.771,0.805,0.765,0.789
10/19/20,0.746,0.781,0.746,0.771
10/16/20,0.737,0.755,0.721,0.746
10/15/20,0.731,0.741,0.694,0.737
10/14/20,0.731,0.736,0.707,0.731
10/13/20,0.777,0.778,0.719,0.731
10/11/20,0.777,0.777,0.777,0.777
10/09/20,0.781,0.800,0.757,0.777
10/08/20,0.795,0.795,0.757,0.781
10/07/20,0.743,0.799,0.738,0.795
10/06/20,0.788,0.789,0.731,0.743
10/05/20,0.698,0.791,0.662,0.788
10/02/20,0.677,0.717,0.650,0.698
10/01/20,0.684,0.720,0.663,0.677
09/30/20,0.654,0.702,0.641,0.684
09/29/20,0.661,0.664,0.639,0.654
09/28/20,0.658,0.677,0.655,0.661
09/25/20,0.669,0.679,0.652,0.658
09/24/20,0.676,0.680,0.662,0.669
09/23/20,0.676,0.694,0.658,0.676
09/22/20,0.668,0.679,0.661,0.676
09/21/20,0.701,0.701,0.649,0.668
09/18/20,0.693,0.703,0.668,0.701
09/17/20,0.698,0.699,0.646,0.693
09/16/20,0.682,0.702,0.662,0.698
09/15/20,0.679,0.694,0.667,0.682
09/14/20,0.671,0.681,0.656,0.679
09/11/20,0.680,0.694,0.667,0.671
09/10/20,0.705,0.720,0.675,0.680
09/09/20,0.678,0.707,0.662,0.705
09/08/20,0.721,0.723,0.643,0.678
09/06/20,0.721,0.721,0.721,0.721
09/04/20,0.639,0.724,0.630,0.721
09/03/20,0.647,0.669,0.608,0.639
09/02/20,0.678,0.694,0.639,0.647
09/01/20,0.706,0.729,0.667,0.678
08/31/20,0.720,0.743,0.690,0.706
08/28/20,0.755,0.788,0.712,0.720
08/27/20,0.697,0.761,0.655,0.755
08/26/20,0.688,0.719,0.686,0.697
08/25/20,0.658,0.710,0.655,0.688
08/24/20,0.636,0.659,0.621,0.658
08/21/20,0.652,0.661,0.624,0.636
08/20/20,0.683,0.684,0.636,0.652
08/19/20,0.665,0.691,0.644,0.683
08/18/20,0.692,0.692,0.653,0.665
08/17/20,0.707,0.718,0.662,0.692
08/14/20,0.723,0.726,0.687,0.709
08/13/20,0.679,0.728,0.652,0.723
08/12/20,0.644,0.691,0.628,0.679
08/11/20,0.583,0.662,0.570,0.644
08/10/20,0.568,0.586,0.543,0.583
08/07/20,0.540,0.576,0.518,0.568
08/06/20,0.555,0.555,0.505,0.540
08/05/20,0.508,0.558,0.505,0.555
08/04/20,0.559,0.563,0.502,0.508
08/03/20,0.535,0.570,0.531,0.559
07/31/20,0.556,0.560,0.522,0.535
07/30/20,0.577,0.581,0.544,0.556
07/29/20,0.582,0.595,0.564,0.577
07/28/20,0.612,0.635,0.577,0.582
07/27/20,0.591,0.613,0.569,0.612
07/24/20,0.585,0.595,0.557,0.591
07/23/20,0.597,0.600,0.568,0.585
07/22/20,0.602,0.609,0.581,0.597
07/21/20,0.615,0.627,0.594,0.602
07/20/20,0.634,0.634,0.604,0.615
07/17/20,0.619,0.636,0.597,0.634
07/16/20,0.632,0.633,0.596,0.619
07/15/20,0.626,0.659,0.614,0.632
07/14/20,0.619,0.635,0.602,0.626
07/13/20,0.645,0.666,0.615,0.619
07/10/20,0.609,0.648,0.572,0.645
07/09/20,0.666,0.666,0.596,0.609
07/08/20,0.646,0.675,0.638,0.666
07/07/20,0.679,0.692,0.637,0.646
07/06/20,0.673,0.711,0.672,0.679
07/02/20,0.678,0.712,0.665,0.673
07/01/20,0.654,0.706,0.654,0.678
06/30/20,0.625,0.666,0.616,0.654
06/29/20,0.647,0.657,0.625,0.625
06/26/20,0.685,0.685,0.632,0.647
06/25/20,0.683,0.690,0.661,0.685
06/24/20,0.719,0.730,0.681,0.683
06/23/20,0.706,0.733,0.683,0.719
06/22/20,0.700,0.710,0.674,0.706
06/19/20,0.709,0.742,0.685,0.700
06/18/20,0.734,0.741,0.690,0.709
06/17/20,0.757,0.766,0.724,0.734
06/16/20,0.730,0.783,0.725,0.757
06/15/20,0.704,0.730,0.653,0.730
06/12/20,0.673,0.721,0.668,0.704
06/11/20,0.725,0.730,0.649,0.673
06/10/20,0.829,0.834,0.722,0.725
06/09/20,0.882,0.882,0.807,0.829
06/08/20,0.902,0.929,0.861,0.882
06/05/20,0.828,0.954,0.803,0.902
06/04/20,0.745,0.833,0.737,0.828
06/03/20,0.685,0.771,0.685,0.745
06/02/20,0.660,0.691,0.648,0.685
06/01/20,0.659,0.693,0.639,0.660
05/29/20,0.695,0.695,0.642,0.659
05/28/20,0.687,0.715,0.674,0.695
05/27/20,0.701,0.728,0.664,0.687
05/26/20,0.661,0.715,0.653,0.701
05/24/20,0.661,0.661,0.661,0.661
05/22/20,0.673,0.675,0.627,0.661
05/21/20,0.683,0.690,0.655,0.673
05/20/20,0.696,0.723,0.670,0.683
05/19/20,0.728,0.739,0.684,0.696
05/18/20,0.646,0.742,0.638,0.728
05/15/20,0.620,0.650,0.594,0.646
05/14/20,0.649,0.652,0.602,0.620
05/13/20,0.671,0.673,0.630,0.649
05/12/20,0.715,0.725,0.664,0.671
05/11/20,0.690,0.728,0.671,0.715
05/08/20,0.638,0.692,0.615,0.690
05/07/20,0.705,0.715,0.622,0.638
05/06/20,0.663,0.747,0.663,0.705
05/05/20,0.641,0.677,0.635,0.663
05/04/20,0.616,0.651,0.597,0.641
05/01/20,0.644,0.647,0.594,0.616
04/30/20,0.628,0.650,0.578,0.644
04/29/20,0.615,0.648,0.579,0.628
04/28/20,0.664,0.672,0.599,0.615
04/27/20,0.606,0.668,0.603,0.664
04/24/20,0.609,0.622,0.583,0.606
04/23/20,0.626,0.635,0.591,0.609
04/22/20,0.570,0.636,0.548,0.626
04/21/20,0.608,0.623,0.544,0.570
04/20/20,0.643,0.653,0.601,0.608
04/17/20,0.624,0.691,0.591,0.643
04/16/20,0.637,0.657,0.591,0.624
04/15/20,0.754,0.755,0.621,0.637
04/14/20,0.767,0.775,0.727,0.754
04/13/20,0.729,0.770,0.719,0.767
04/09/20,0.770,0.785,0.712,0.729
04/08/20,0.715,0.790,0.699,0.770
04/07/20,0.678,0.790,0.672,0.715
04/06/20,0.596,0.691,0.596,0.678
04/03/20,0.595,0.615,0.568,0.596
04/02/20,0.582,0.640,0.567,0.595
04/01/20,0.677,0.677,0.575,0.582
03/31/20,0.723,0.725,0.648,0.677
03/30/20,0.683,0.726,0.599,0.723
03/27/20,0.850,0.858,0.670,0.683
03/26/20,0.862,0.862,0.764,0.852
03/25/20,0.848,0.882,0.776,0.862
03/24/20,0.788,0.893,0.774,0.848
03/23/20,0.854,0.854,0.695,0.788
03/20/20,1.158,1.158,0.852,0.854
03/19/20,1.185,1.266,1.046,1.158
03/18/20,1.083,1.271,0.991,1.185
03/17/20,0.733,1.096,0.733,1.083
03/16/20,0.981,0.981,0.631,0.734
03/13/20,0.794,1.015,0.722,0.981
03/12/20,0.872,0.909,0.649,0.794
03/11/20,0.809,0.890,0.647,0.872
03/10/20,0.569,0.811,0.565,0.809
03/09/20,0.767,0.767,0.380,0.569
03/06/20,0.915,0.915,0.663,0.767
03/05/20,1.062,1.062,0.898,0.915
03/04/20,0.997,1.064,0.933,1.062
03/03/20,1.167,1.171,0.919,0.997
03/02/20,1.156,1.167,1.031,1.167
02/28/20,1.264,1.283,1.099,1.156
02/27/20,1.333,1.333,1.242,1.264
02/26/20,1.354,1.384,1.300,1.333
02/25/20,1.374,1.418,1.309,1.354
02/24/20,1.475,1.481,1.355,1.374
02/21/20,1.519,1.526,1.439,1.475
02/20/20,1.566,1.584,1.508,1.519
02/19/20,1.562,1.584,1.549,1.566
02/18/20,1.588,1.588,1.542,1.562
02/16/20,1.588,1.588,1.588,1.588
02/14/20,1.618,1.618,1.572,1.588
02/13/20,1.637,1.637,1.569,1.618
02/12/20,1.606,1.642,1.598,1.637
02/11/20,1.574,1.607,1.574,1.606
02/10/20,1.584,1.600,1.544,1.574
02/07/20,1.643,1.648,1.571,1.584
02/06/20,1.654,1.685,1.634,1.643
02/05/20,1.602,1.660,1.576,1.654
02/04/20,1.532,1.619,1.522,1.602
02/03/20,1.509,1.574,1.509,1.532
01/31/20,1.588,1.599,1.499,1.509
01/30/20,1.584,1.595,1.536,1.588
01/29/20,1.659,1.666,1.581,1.584
01/28/20,1.610,1.662,1.571,1.659
01/27/20,1.688,1.688,1.599,1.610
01/24/20,1.734,1.766,1.669,1.688
01/23/20,1.774,1.774,1.715,1.734
01/22/20,1.771,1.796,1.757,1.774
01/21/20,1.823,1.826,1.761,1.771
01/20/20,1.823,1.823,1.823,1.823
01/17/20,1.812,1.852,1.812,1.823
01/16/20,1.787,1.820,1.776,1.812
01/15/20,1.814,1.819,1.780,1.787
01/14/20,1.850,1.865,1.813,1.814
01/13/20,1.822,1.857,1.822,1.850
01/10/20,1.860,1.873,1.814,1.822
01/09/20,1.874,1.899,1.847,1.860
01/08/20,1.823,1.880,1.711,1.874
01/07/20,1.810,1.832,1.797,1.823
01/06/20,1.789,1.819,1.764,1.810
01/03/20,1.877,1.877,1.787,1.789
01/02/20,1.920,1.949,1.852,1.877
12/31/19,1.883,1.925,1.883,1.920
12/30/19,1.878,1.939,1.875,1.883
12/27/19,1.895,1.905,1.866,1.878
12/26/19,1.902,1.920,1.892,1.895
12/24/19,1.929,1.950,1.901,1.902
12/23/19,1.918,1.940,1.895,1.929
12/20/19,1.923,1.950,1.911,1.918
12/19/19,1.921,1.950,1.899,1.923
12/18/19,1.884,1.935,1.863,1.921
12/17/19,1.878,1.899,1.851,1.884
12/16/19,1.827,1.895,1.827,1.878
12/13/19,1.894,1.945,1.817,1.827
12/12/19,1.800,1.917,1.778,1.894
12/11/19,1.842,1.843,1.779,1.800
12/10/19,1.821,1.849,1.800,1.842
12/09/19,1.841,1.845,1.806,1.821
12/06/19,1.812,1.867,1.784,1.841
12/05/19,1.777,1.825,1.758,1.812
12/04/19,1.718,1.791,1.699,1.777
12/03/19,1.822,1.847,1.693,1.718
12/02/19,1.782,1.859,1.782,1.822
11/29/19,1.769,1.796,1.757,1.782
11/27/19,1.745,1.781,1.738,1.769
11/26/19,1.757,1.780,1.728,1.745
11/25/19,1.773,1.796,1.752,1.757
11/22/19,1.776,1.789,1.746,1.773
11/21/19,1.749,1.788,1.712,1.776
11/20/19,1.786,1.786,1.729,1.749
11/19/19,1.820,1.831,1.777,1.786
11/18/19,1.833,1.858,1.794,1.820
11/15/19,1.824,1.856,1.823,1.833
11/14/19,1.890,1.892,1.805,1.824
11/13/19,1.918,1.931,1.867,1.890
11/12/19,1.942,1.960,1.910,1.918
11/10/19,1.942,1.942,1.942,1.942
11/08/19,1.918,1.956,1.896,1.942
11/07/19,1.832,1.967,1.806,1.918
11/06/19,1.862,1.862,1.803,1.832
11/05/19,1.779,1.876,1.779,1.862
11/04/19,1.716,1.793,1.709,1.779
11/01/19,1.689,1.744,1.675,1.716
10/31/19,1.777,1.793,1.679,1.689
10/30/19,1.839,1.849,1.772,1.777
10/29/19,1.847,1.861,1.823,1.839
10/28/19,1.796,1.862,1.796,1.847
10/25/19,1.768,1.813,1.752,1.796
10/24/19,1.769,1.782,1.739,1.768
10/23/19,1.767,1.770,1.730,1.769
10/22/19,1.805,1.805,1.763,1.767
10/21/19,1.753,1.808,1.738,1.805
10/18/19,1.755,1.777,1.729,1.753
10/17/19,1.744,1.798,1.725,1.755
10/16/19,1.774,1.774,1.720,1.744
10/15/19,1.732,1.777,1.674,1.774
10/13/19,1.732,1.732,1.732,1.732
10/11/19,1.673,1.766,1.640,1.732
10/10/19,1.586,1.673,1.546,1.673
10/09/19,1.533,1.593,1.526,1.586
10/08/19,1.563,1.591,1.509,1.533
10/07/19,1.527,1.567,1.507,1.563
10/04/19,1.536,1.557,1.505,1.530
10/03/19,1.598,1.601,1.510,1.536
10/02/19,1.638,1.665,1.582,1.598
10/01/19,1.667,1.753,1.615,1.638
09/30/19,1.683,1.712,1.663,1.667
09/27/19,1.698,1.727,1.672,1.683
09/26/19,1.739,1.739,1.674,1.698
09/25/19,1.651,1.737,1.633,1.736
09/24/19,1.729,1.729,1.629,1.651
09/23/19,1.723,1.762,1.669,1.729
09/20/19,1.785,1.795,1.717,1.723
09/19/19,1.797,1.820,1.748,1.785
09/18/19,1.803,1.818,1.743,1.797
09/17/19,1.847,1.853,1.796,1.803
09/16/19,1.899,1.911,1.818,1.847
09/13/19,1.773,1.907,1.767,1.899
09/12/19,1.745,1.796,1.677,1.773
09/11/19,1.733,1.752,1.710,1.745
09/10/19,1.646,1.747,1.622,1.733
09/09/19,1.565,1.647,1.550,1.646
09/06/19,1.565,1.607,1.536,1.556
09/05/19,1.469,1.590,1.468,1.565
09/04/19,1.461,1.499,1.454,1.469
09/03/19,1.500,1.536,1.431,1.461
09/01/19,1.500,1.500,1.500,1.500
08/30/19,1.497,1.543,1.493,1.500
08/29/19,1.481,1.533,1.448,1.498
08/28/19,1.472,1.490,1.448,1.481
08/27/19,1.535,1.537,1.469,1.472
08/26/19,1.538,1.550,1.447,1.535
08/23/19,1.617,1.664,1.507,1.538
08/22/19,1.591,1.626,1.556,1.617
08/21/19,1.555,1.611,1.545,1.591
08/20/19,1.611,1.611,1.538,1.555
08/19/19,1.560,1.627,1.560,1.611
08/16/19,1.528,1.591,1.513,1.560
08/15/19,1.581,1.595,1.477,1.528
08/14/19,1.704,1.704,1.577,1.581
08/13/19,1.649,1.716,1.620,1.704
08/12/19,1.748,1.748,1.630,1.649
08/09/19,1.720,1.749,1.682,1.748
08/08/19,1.734,1.791,1.709,1.720
08/07/19,1.708,1.734,1.598,1.734
08/06/19,1.713,1.774,1.675,1.708
08/05/19,1.846,1.856,1.710,1.713
08/02/19,1.895,1.911,1.833,1.846
08/01/19,2.015,2.061,1.875,1.895
07/31/19,2.062,2.073,2.007,2.015
07/30/19,2.066,2.079,2.042,2.062
07/29/19,2.069,2.072,2.049,2.066
07/26/19,2.079,2.101,2.064,2.069
07/25/19,2.050,2.100,2.011,2.079
07/24/19,2.081,2.087,2.034,2.050
07/23/19,2.048,2.082,2.042,2.081
07/22/19,2.057,2.068,2.021,2.048
07/19/19,2.024,2.067,2.024,2.057
07/18/19,2.050,2.075,2.018,2.024
07/17/19,2.105,2.111,2.045,2.050
07/16/19,2.092,2.142,2.084,2.105
07/15/19,2.124,2.141,2.086,2.092
07/12/19,2.139,2.148,2.106,2.124
07/11/19,2.062,2.146,2.037,2.139
07/10/19,2.068,2.113,2.039,2.062
07/09/19,2.050,2.073,2.032,2.068
07/08/19,2.037,2.054,2.013,2.050
07/05/19,1.950,2.068,1.940,2.037
07/03/19,1.975,1.975,1.943,1.950
07/02/19,2.027,2.027,1.973,1.975
07/01/19,2.006,2.048,2.003,2.027
06/28/19,2.013,2.031,1.994,2.006
06/27/19,2.049,2.072,2.003,2.013
06/26/19,1.988,2.053,1.988,2.049
06/25/19,2.021,2.025,1.980,1.988
06/24/19,2.058,2.065,2.014,2.021
06/21/19,2.025,2.069,2.002,2.058
06/20/19,2.024,2.040,1.974,2.025
06/19/19,2.057,2.096,2.023,2.024
06/18/19,2.090,2.099,2.018,2.057
06/17/19,2.080,2.118,2.078,2.090
06/14/19,2.096,2.111,2.058,2.080
06/13/19,2.118,2.132,2.081,2.096
06/12/19,2.141,2.145,2.111,2.118
06/11/19,2.146,2.179,2.136,2.141
06/10/19,2.085,2.149,2.085,2.146
06/07/19,2.120,2.134,2.054,2.085
06/06/19,2.134,2.134,2.090,2.120
06/05/19,2.134,2.136,2.074,2.134
06/04/19,2.072,2.147,2.072,2.134
06/03/19,2.130,2.136,2.062,2.072
05/31/19,2.218,2.218,2.124,2.130
05/30/19,2.264,2.283,2.209,2.218
05/29/19,2.265,2.269,2.209,2.264
05/28/19,2.326,2.326,2.260,2.265
05/26/19,2.326,2.326,2.326,2.326
05/24/19,2.323,2.337,2.313,2.326
05/23/19,2.386,2.389,2.296,2.323
05/22/19,2.429,2.436,2.384,2.386
05/21/19,2.420,2.442,2.408,2.429
05/20/19,2.393,2.422,2.380,2.420
05/17/19,2.392,2.408,2.364,2.393
05/16/19,2.377,2.417,2.356,2.392
05/15/19,2.414,2.420,2.363,2.377
05/14/19,2.408,2.431,2.393,2.414
05/13/19,2.468,2.468,2.390,2.408
05/10/19,2.445,2.475,2.429,2.468
05/09/19,2.484,2.486,2.425,2.445
05/08/19,2.458,2.491,2.426,2.484
05/07/19,2.485,2.502,2.444,2.458
05/06/19,2.523,2.523,2.475,2.485
05/03/19,2.543,2.577,2.513,2.523
05/02/19,2.518,2.556,2.502,2.543
05/01/19,2.504,2.521,2.453,2.503
04/30/19,2.515,2.549,2.498,2.502
04/29/19,2.502,2.545,2.500,2.526
04/26/19,2.531,2.538,2.492,2.500
04/25/19,2.526,2.544,2.516,2.536
04/24/19,2.571,2.574,2.515,2.525
04/23/19,2.587,2.594,2.559,2.569
04/22/19,2.592,2.592,2.592,2.592
04/18/19,2.591,2.594,2.546,2.564
04/17/19,2.584,2.617,2.578,2.596
04/16/19,2.555,2.597,2.547,2.594
04/15/19,2.558,2.575,2.546,2.552
04/12/19,2.496,2.569,2.490,2.569
04/11/19,2.471,2.511,2.470,2.498
04/10/19,2.502,2.510,2.461,2.469
04/09/19,2.517,2.527,2.484,2.501
04/08/19,2.502,2.530,2.486,2.530
04/05/19,2.517,2.545,2.487,2.494
04/04/19,2.521,2.522,2.495,2.513
04/03/19,2.476,2.525,2.472,2.521
04/02/19,2.493,2.495,2.466,2.472
04/01/19,2.427,2.505,2.427,2.501
03/29/19,2.389,2.431,2.388,2.406
03/28/19,2.364,2.407,2.341,2.393
03/27/19,2.419,2.431,2.352,2.373
03/26/19,2.406,2.452,2.403,2.422
03/25/19,2.451,2.473,2.379,2.399
03/22/19,2.541,2.541,2.417,2.442
03/21/19,2.526,2.540,2.499,2.533
03/20/19,2.614,2.619,2.525,2.525
03/19/19,2.604,2.634,2.591,2.619
03/18/19,2.593,2.611,2.583,2.608
03/15/19,2.626,2.638,2.577,2.592
03/14/19,2.623,2.641,2.609,2.629
03/13/19,2.605,2.628,2.602,2.621
03/12/19,2.659,2.674,2.595,2.609
03/11/19,2.632,2.659,2.624,2.642
03/08/19,2.644,2.650,2.613,2.635
03/07/19,2.689,2.694,2.634,2.641
03/06/19,2.717,2.721,2.680,2.691
03/05/19,2.728,2.748,2.715,2.719
03/04/19,2.765,2.770,2.720,2.722
03/01/19,2.720,2.759,2.714,2.754
02/28/19,2.678,2.729,2.659,2.718
02/27/19,2.641,2.699,2.627,2.683
02/26/19,2.663,2.671,2.627,2.640
02/25/19,2.666,2.685,2.655,2.665
02/22/19,2.688,2.690,2.634,2.653
02/21/19,2.645,2.698,2.642,2.698
02/20/19,2.647,2.658,2.626,2.647
02/19/19,2.673,2.676,2.632,2.638
02/15/19,2.654,2.685,2.643,2.666
02/14/19,2.699,2.712,2.641,2.655
02/13/19,2.696,2.716,2.679,2.703
02/12/19,2.654,2.689,2.653,2.685
02/11/19,2.638,2.668,2.636,2.655
02/08/19,2.657,2.662,2.621,2.630
02/07/19,2.693,2.695,2.648,2.658
02/06/19,2.704,2.706,2.674,2.696
02/05/19,2.717,2.741,2.687,2.701
02/04/19,2.692,2.731,2.684,2.722
02/01/19,2.645,2.700,2.624,2.686
01/31/19,2.685,2.687,2.613,2.630
01/30/19,2.711,2.733,2.671,2.682
01/29/19,2.743,2.747,2.710,2.712
01/28/19,2.753,2.769,2.728,2.744
01/25/19,2.721,2.762,2.719,2.761
01/24/19,2.744,2.756,2.701,2.714
01/23/19,2.742,2.777,2.735,2.744
01/22/19,2.774,2.776,2.726,2.741
01/18/19,2.747,2.796,2.744,2.786
01/17/19,2.718,2.758,2.703,2.752
01/16/19,2.712,2.748,2.704,2.724
01/15/19,2.710,2.723,2.680,2.718
01/14/19,2.707,2.715,2.664,2.704
01/11/19,2.732,2.740,2.680,2.704
01/10/19,2.714,2.749,2.679,2.747
01/09/19,2.732,2.750,2.709,2.712
01/08/19,2.696,2.734,2.686,2.732
01/07/19,2.670,2.704,2.632,2.697
01/04/19,2.562,2.675,2.547,2.670
01/03/19,2.626,2.655,2.547,2.557
01/02/19,2.691,2.700,2.619,2.620
12/31/18,2.730,2.743,2.682,2.684
12/28/18,2.773,2.782,2.714,2.718
12/27/18,2.799,2.804,2.729,2.771
12/26/18,2.799,2.805,2.734,2.807
12/24/18,2.799,2.805,2.734,2.741
12/21/18,2.800,2.810,2.776,2.783
12/20/18,2.774,2.811,2.748,2.809
12/19/18,2.820,2.837,2.750,2.777
12/18/18,2.854,2.860,2.814,2.819
12/17/18,2.896,2.899,2.846,2.858
12/14/18,2.913,2.914,2.873,2.893
12/13/18,2.911,2.920,2.893,2.913
12/12/18,2.882,2.920,2.882,2.914
12/11/18,2.852,2.898,2.845,2.878
12/10/18,2.836,2.869,2.824,2.861
12/07/18,2.897,2.909,2.848,2.852
12/06/18,2.965,2.965,2.828,2.885
12/04/18,2.975,2.978,2.879,2.912
12/03/18,3.036,3.050,2.966,2.970
11/30/18,3.028,3.031,2.992,2.993
11/29/18,3.048,3.054,3.002,3.030
11/28/18,3.056,3.072,3.041,3.058
11/27/18,3.058,3.072,3.042,3.061
11/26/18,3.053,3.077,3.046,3.057
11/23/18,3.064,3.075,3.033,3.040
11/21/18,3.067,3.087,3.057,3.064
11/20/18,3.061,3.071,3.035,3.064
11/19/18,3.063,3.094,3.046,3.069
11/16/18,3.117,3.124,3.064,3.066
11/15/18,3.126,3.136,3.080,3.114
11/14/18,3.150,3.163,3.091,3.125
11/13/18,3.147,3.177,3.138,3.142
11/09/18,3.236,3.237,3.179,3.184
11/08/18,3.235,3.246,3.205,3.238
11/07/18,3.202,3.251,3.177,3.237
11/06/18,3.208,3.231,3.191,3.231
11/05/18,3.210,3.213,3.185,3.201
11/02/18,3.136,3.223,3.133,3.214
11/01/18,3.152,3.174,3.132,3.133
10/31/18,3.125,3.163,3.122,3.142
10/30/18,3.083,3.127,3.082,3.123
10/29/18,3.084,3.116,3.057,3.087
10/26/18,3.108,3.116,3.058,3.079
10/25/18,3.100,3.145,3.098,3.119
10/24/18,3.171,3.174,3.096,3.103
10/23/18,3.196,3.197,3.111,3.170
10/22/18,3.194,3.207,3.177,3.197
10/19/18,3.178,3.209,3.170,3.196
10/18/18,3.206,3.218,3.158,3.181
10/17/18,3.165,3.203,3.144,3.203
10/16/18,3.158,3.181,3.150,3.166
10/15/18,3.159,3.165,3.142,3.157
10/12/18,3.155,3.184,3.129,3.163
10/11/18,3.167,3.193,3.127,3.151
10/10/18,3.213,3.242,3.165,3.168
10/09/18,3.236,3.263,3.199,3.206
10/05/18,3.195,3.245,3.189,3.231
10/04/18,3.199,3.229,3.176,3.186
10/03/18,3.064,3.187,3.051,3.187
10/02/18,3.084,3.088,3.046,3.065
10/01/18,3.072,3.096,3.062,3.082
09/28/18,3.049,3.063,3.024,3.062
09/27/18,3.054,3.073,3.031,3.054
09/26/18,3.098,3.102,3.042,3.047
09/25/18,3.088,3.115,3.085,3.096
09/24/18,3.074,3.089,3.063,3.087
09/21/18,3.065,3.084,3.057,3.065
09/20/18,3.065,3.096,3.056,3.064
09/19/18,3.055,3.090,3.043,3.068
09/18/18,2.982,3.062,2.977,3.057
09/17/18,3.000,3.019,2.985,2.991
09/14/18,2.973,3.004,2.967,2.998
09/13/18,2.964,2.985,2.941,2.972
09/12/18,2.980,2.981,2.953,2.967
09/11/18,2.931,2.983,2.931,2.979
09/10/18,2.943,2.950,2.926,2.936
09/07/18,2.875,2.949,2.871,2.942
09/06/18,2.904,2.912,2.869,2.878
09/05/18,2.900,2.915,2.882,2.903
09/04/18,2.863,2.907,2.853,2.898
08/31/18,2.860,2.865,2.831,2.861
08/30/18,2.879,2.888,2.850,2.857
08/29/18,2.880,2.898,2.868,2.886
08/28/18,2.852,2.889,2.844,2.882
08/27/18,2.843,2.843,2.843,2.843
08/24/18,2.828,2.850,2.805,2.818
08/23/18,2.822,2.832,2.811,2.829
08/22/18,2.823,2.838,2.812,2.820
08/21/18,2.823,2.853,2.818,2.833
08/20/18,2.868,2.871,2.814,2.817
08/17/18,2.869,2.878,2.842,2.860
08/16/18,2.862,2.892,2.854,2.865
08/15/18,2.898,2.901,2.833,2.861
08/14/18,2.878,2.905,2.873,2.900
08/13/18,2.866,2.889,2.849,2.881
08/10/18,2.930,2.934,2.852,2.872
08/09/18,2.958,2.968,2.921,2.928
08/08/18,2.978,2.986,2.959,2.962
08/07/18,2.942,2.980,2.936,2.975
08/06/18,2.958,2.966,2.921,2.944
08/03/18,2.993,2.999,2.945,2.950
08/02/18,3.008,3.010,2.977,2.986
08/01/18,2.955,3.014,2.953,3.006
07/31/18,2.973,2.981,2.935,2.963
07/30/18,2.962,2.991,2.958,2.975
07/27/18,2.980,2.990,2.950,2.956
07/26/18,2.970,2.983,2.945,2.977
07/25/18,2.952,2.978,2.928,2.977
07/24/18,2.963,2.975,2.942,2.951
07/23/18,2.897,2.970,2.885,2.958
07/20/18,2.849,2.898,2.838,2.897
07/19/18,2.884,2.901,2.829,2.840
07/18/18,2.861,2.882,2.846,2.872
07/17/18,2.861,2.873,2.846,2.864
07/16/18,2.832,2.876,2.830,2.858
07/13/18,2.851,2.861,2.825,2.829
07/12/18,2.847,2.873,2.844,2.845
07/11/18,2.836,2.864,2.829,2.848
07/10/18,2.862,2.876,2.854,2.857
07/09/18,2.828,2.862,2.828,2.861
07/06/18,2.835,2.850,2.809,2.822
07/05/18,2.843,2.869,2.819,2.834
07/03/18,2.871,2.889,2.829,2.831
07/02/18,2.860,2.871,2.828,2.869
06/29/18,2.844,2.867,2.829,2.861
06/28/18,2.831,2.856,2.820,2.839
06/27/18,2.881,2.887,2.817,2.826
06/26/18,2.887,2.904,2.867,2.884
06/25/18,2.891,2.896,2.863,2.884
06/22/18,2.904,2.929,2.890,2.896
06/21/18,2.942,2.951,2.890,2.898
06/20/18,2.899,2.937,2.884,2.937
06/19/18,2.901,2.906,2.854,2.897
06/18/18,2.922,2.932,2.901,2.919
06/15/18,2.938,2.940,2.889,2.925
06/14/18,2.968,2.978,2.930,2.938
06/13/18,2.962,3.006,2.946,2.967
06/12/18,2.956,2.981,2.946,2.963
06/11/18,2.952,2.971,2.951,2.954
06/08/18,2.934,2.952,2.895,2.950
06/07/18,2.973,3.001,2.893,2.923
06/06/18,2.930,2.982,2.927,2.972
06/05/18,2.940,2.943,2.900,2.924
06/04/18,2.905,2.949,2.903,2.945
06/01/18,2.858,2.922,2.858,2.903
05/31/18,2.849,2.888,2.822,2.860
05/30/18,2.763,2.890,2.759,2.857
05/29/18,2.899,2.909,2.754,2.776
05/25/18,2.981,2.996,2.915,2.929
05/24/18,3.000,3.015,2.953,2.977
05/23/18,3.064,3.068,2.987,2.994
05/22/18,3.061,3.081,3.049,3.063
05/21/18,3.078,3.085,3.053,3.059
05/18/18,3.115,3.127,3.058,3.059
05/17/18,3.095,3.120,3.087,3.113
05/16/18,3.068,3.103,3.056,3.098
05/15/18,2.999,3.094,2.996,3.076
05/14/18,2.975,3.002,2.958,3.000
05/11/18,2.969,2.981,2.949,2.970
05/10/18,2.998,2.999,2.953,2.962
05/09/18,2.975,3.017,2.974,3.006
05/08/18,2.952,2.990,2.947,2.978
05/07/18,2.956,2.967,2.934,2.952
05/04/18,2.949,2.960,2.911,2.951
05/03/18,2.970,2.980,2.927,2.949
05/02/18,2.971,3.001,2.957,2.969
05/01/18,2.957,2.981,2.950,2.967
04/30/18,2.962,2.976,2.932,2.953
04/27/18,2.989,2.992,2.948,2.964
04/26/18,3.024,3.033,2.977,2.983
04/25/18,2.997,3.036,2.992,3.028
04/24/18,2.977,3.003,2.959,3.003
04/23/18,2.968,3.001,2.963,2.976
04/20/18,2.915,2.962,2.906,2.962
04/19/18,2.873,2.932,2.862,2.912
04/18/18,2.834,2.880,2.825,2.874
04/17/18,2.834,2.852,2.810,2.831
04/16/18,2.843,2.869,2.825,2.829
04/13/18,2.826,2.848,2.816,2.826
04/12/18,2.782,2.844,2.773,2.840
04/11/18,2.808,2.808,2.755,2.783
04/10/18,2.782,2.811,2.778,2.803
04/09/18,2.785,2.811,2.776,2.780
04/06/18,2.814,2.831,2.766,2.777
04/05/18,2.806,2.837,2.806,2.831
04/04/18,2.776,2.809,2.748,2.807
04/03/18,2.736,2.788,2.735,2.780
04/02/18,2.760,2.775,2.716,2.731
03/29/18,2.787,2.791,2.737,2.739
03/28/18,2.779,2.790,2.745,2.785
03/27/18,2.854,2.861,2.770,2.777
03/26/18,2.821,2.856,2.817,2.856
03/23/18,2.810,2.851,2.793,2.817
03/22/18,2.886,2.890,2.798,2.825
03/21/18,2.904,2.936,2.871,2.883
03/20/18,2.851,2.898,2.851,2.897
03/19/18,2.855,2.878,2.831,2.858
03/16/18,2.832,2.858,2.814,2.847
03/15/18,2.822,2.834,2.798,2.830
03/14/18,2.843,2.858,2.800,2.818
03/13/18,2.871,2.888,2.833,2.845
03/12/18,2.903,2.912,2.863,2.868
03/09/18,2.874,2.911,2.868,2.895
03/08/18,2.883,2.894,2.845,2.857
03/07/18,2.848,2.889,2.843,2.884
03/06/18,2.880,2.908,2.855,2.890
03/05/18,2.854,2.894,2.812,2.884
03/02/18,2.819,2.872,2.796,2.862
03/01/18,2.865,2.875,2.799,2.808
02/28/18,2.901,2.912,2.861,2.862
02/27/18,2.862,2.924,2.849,2.897
02/26/18,2.872,2.874,2.829,2.864
02/23/18,2.932,2.937,2.861,2.867
02/22/18,2.939,2.946,2.902,2.920
02/21/18,2.890,2.956,2.876,2.950
02/20/18,2.892,2.926,2.881,2.888
02/16/18,2.911,2.914,2.848,2.875
02/15/18,2.911,2.942,2.878,2.909
02/14/18,2.837,2.922,2.809,2.906
02/13/18,2.857,2.863,2.822,2.829
02/12/18,2.849,2.896,2.828,2.860
02/09/18,2.822,2.864,2.786,2.854
02/08/18,2.818,2.883,2.807,2.827
02/07/18,2.806,2.859,2.762,2.837
02/06/18,2.741,2.806,2.647,2.803
02/05/18,2.856,2.883,2.697,2.707
02/02/18,2.796,2.853,2.782,2.841
02/01/18,2.732,2.794,2.720,2.792
01/31/18,2.722,2.753,2.697,2.705
01/30/18,2.703,2.737,2.684,2.721
01/29/18,2.659,2.728,2.659,2.695
01/26/18,2.627,2.673,2.619,2.662
01/25/18,2.652,2.676,2.615,2.627
01/24/18,2.611,2.662,2.609,2.649
01/23/18,2.657,2.661,2.612,2.615
01/22/18,2.660,2.671,2.630,2.650
01/19/18,2.626,2.662,2.612,2.659
01/18/18,2.592,2.629,2.586,2.628
01/17/18,2.536,2.588,2.532,2.587
01/16/18,2.555,2.562,2.525,2.538
01/12/18,2.546,2.592,2.543,2.549
01/11/18,2.552,2.569,2.524,2.538
01/10/18,2.551,2.598,2.541,2.556
01/09/18,2.485,2.560,2.480,2.555
01/08/18,2.483,2.491,2.461,2.480
01/05/18,2.460,2.482,2.432,2.477
01/04/18,2.459,2.486,2.448,2.453
01/03/18,2.471,2.474,2.437,2.450
01/02/18,2.412,2.481,2.410,2.463
12/29/17,2.436,2.438,2.408,2.410
12/28/17,2.419,2.442,2.419,2.434
12/27/17,2.476,2.480,2.407,2.411
12/26/17,2.491,2.498,2.456,2.478
12/22/17,2.483,2.493,2.478,2.484
12/21/17,2.489,2.503,2.477,2.485
12/20/17,2.452,2.502,2.447,2.501
12/19/17,2.402,2.472,2.390,2.468
12/18/17,2.368,2.396,2.362,2.393
12/15/17,2.353,2.378,2.345,2.355
12/14/17,2.358,2.390,2.344,2.353
12/13/17,2.401,2.425,2.343,2.343
12/12/17,2.388,2.418,2.377,2.408
12/11/17,2.384,2.392,2.356,2.392
12/08/17,2.373,2.394,2.361,2.375
12/07/17,2.342,2.373,2.322,2.364
12/06/17,2.359,2.364,2.312,2.339
12/05/17,2.380,2.396,2.351,2.353
12/04/17,2.410,2.413,2.368,2.372
12/01/17,2.412,2.416,2.321,2.363
11/30/17,2.386,2.434,2.380,2.410
11/29/17,2.334,2.393,2.321,2.390
11/28/17,2.322,2.341,2.311,2.328
11/27/17,2.340,2.356,2.321,2.330
11/24/17,2.326,2.353,2.326,2.344
11/22/17,2.356,2.374,2.316,2.319
11/21/17,2.365,2.376,2.335,2.357
11/20/17,2.344,2.372,2.325,2.371
11/17/17,2.371,2.374,2.336,2.344
11/16/17,2.325,2.379,2.325,2.376
11/15/17,2.374,2.374,2.319,2.326
11/14/17,2.404,2.415,2.371,2.373
11/13/17,2.399,2.407,2.370,2.405
11/09/17,2.326,2.345,2.313,2.397
11/08/17,2.308,2.335,2.303,2.333
11/07/17,2.319,2.345,2.301,2.317
11/06/17,2.344,2.356,2.313,2.316
11/03/17,2.350,2.364,2.321,2.334
11/02/17,2.372,2.382,2.336,2.349
11/01/17,2.378,2.401,2.347,2.373
10/31/17,2.369,2.387,2.357,2.377
10/30/17,2.403,2.416,2.362,2.371
10/27/17,2.457,2.481,2.410,2.412
10/26/17,2.433,2.465,2.411,2.464
10/25/17,2.421,2.475,2.414,2.435
10/24/17,2.371,2.426,2.363,2.417
10/23/17,2.394,2.398,2.363,2.369
10/20/17,2.320,2.389,2.316,2.385
10/19/17,2.345,2.348,2.298,2.321
10/18/17,2.302,2.352,2.297,2.344
10/17/17,2.302,2.329,2.296,2.300
10/16/17,2.290,2.311,2.280,2.305
10/13/17,2.323,2.336,2.272,2.277
10/12/17,2.349,2.351,2.314,2.320
10/11/17,2.361,2.367,2.331,2.350
10/10/17,2.362,2.373,2.315,2.360
10/06/17,2.349,2.401,2.346,2.361
10/05/17,2.329,2.357,2.321,2.350
10/04/17,2.326,2.345,2.302,2.325
10/03/17,2.342,2.368,2.321,2.321
10/02/17,2.343,2.374,2.320,2.343
09/29/17,2.314,2.336,2.295,2.333
09/28/17,2.307,2.358,2.301,2.307
09/27/17,2.233,2.315,2.232,2.311
09/26/17,2.223,2.246,2.215,2.238
09/25/17,2.262,2.264,2.213,2.220
09/22/17,2.275,2.278,2.241,2.255
09/21/17,2.275,2.283,2.246,2.278
09/20/17,2.243,2.287,2.226,2.272
09/19/17,2.226,2.249,2.215,2.248
09/18/17,2.207,2.237,2.205,2.231
09/15/17,2.181,2.211,2.177,2.204
09/14/17,2.188,2.226,2.185,2.187
09/13/17,2.171,2.199,2.154,2.190
09/12/17,2.129,2.175,2.124,2.169
09/11/17,2.090,2.136,2.087,2.132
09/08/17,2.045,2.071,2.016,2.052
09/07/17,2.106,2.107,2.034,2.039
09/06/17,2.059,2.109,2.056,2.106
09/05/17,2.150,2.152,2.060,2.060
09/01/17,2.129,2.168,2.100,2.167
08/31/17,2.139,2.155,2.116,2.119
08/30/17,2.137,2.155,2.129,2.134
08/29/17,2.124,2.141,2.088,2.129
08/28/17,2.175,2.180,2.155,2.157
08/25/17,2.196,2.203,2.160,2.168
08/24/17,2.168,2.199,2.168,2.196
08/23/17,2.222,2.223,2.165,2.167
08/22/17,2.183,2.218,2.181,2.214
08/21/17,2.205,2.211,2.175,2.184
08/18/17,2.193,2.211,2.161,2.197
08/17/17,2.230,2.247,2.183,2.189
08/16/17,2.276,2.285,2.220,2.225
08/15/17,2.220,2.283,2.220,2.275
08/14/17,2.198,2.228,2.196,2.222
08/11/17,2.199,2.222,2.184,2.192
08/10/17,2.250,2.257,2.196,2.198
08/09/17,2.258,2.259,2.213,2.250
08/08/17,2.259,2.292,2.254,2.264
08/07/17,2.271,2.285,2.252,2.255
08/04/17,2.224,2.291,2.219,2.266
08/03/17,2.269,2.271,2.218,2.223
08/02/17,2.259,2.284,2.244,2.271
08/01/17,2.298,2.321,2.250,2.255
07/31/17,2.284,2.305,2.276,2.297
07/28/17,2.306,2.335,2.286,2.293
07/27/17,2.287,2.328,2.276,2.312
07/26/17,2.335,2.341,2.277,2.288
07/25/17,2.257,2.340,2.248,2.338
07/24/17,2.236,2.262,2.229,2.256
07/21/17,2.267,2.272,2.227,2.239
07/20/17,2.269,2.276,2.240,2.261
07/19/17,2.268,2.280,2.258,2.272
07/18/17,2.312,2.316,2.257,2.260
07/17/17,2.336,2.337,2.302,2.316
07/14/17,2.354,2.357,2.275,2.335
07/13/17,2.322,2.365,2.306,2.347
07/12/17,2.362,2.362,2.301,2.321
07/11/17,2.374,2.396,2.351,2.364
07/10/17,2.388,2.393,2.362,2.375
07/07/17,2.371,2.397,2.362,2.384
07/06/17,2.330,2.390,2.321,2.368
07/05/17,2.339,2.357,2.321,2.323
07/03/17,2.317,2.355,2.289,2.348
06/30/17,2.264,2.309,2.262,2.302
06/29/17,2.226,2.298,2.220,2.268
06/28/17,2.203,2.258,2.193,2.230
06/27/17,2.140,2.213,2.125,2.210
06/26/17,2.147,2.163,2.119,2.140
06/23/17,2.151,2.169,2.141,2.143
06/22/17,2.163,2.166,2.138,2.150
06/21/17,2.166,2.177,2.144,2.164
06/20/17,2.199,2.199,2.151,2.159
06/19/17,2.159,2.193,2.140,2.192
06/16/17,2.166,2.179,2.143,2.153
06/15/17,2.123,2.174,2.123,2.166
06/14/17,2.212,2.215,2.096,2.127
06/13/17,2.219,2.229,2.201,2.213
06/12/17,2.214,2.225,2.186,2.214
06/09/17,2.176,2.228,2.168,2.201
06/08/17,2.186,2.215,2.177,2.189
06/07/17,2.150,2.184,2.146,2.176
06/06/17,2.180,2.182,2.133,2.147
06/05/17,2.158,2.186,2.156,2.183
06/02/17,2.215,2.225,2.143,2.160
06/01/17,2.208,2.243,2.206,2.210
05/31/17,2.215,2.234,2.195,2.206
05/30/17,2.247,2.249,2.207,2.209
05/26/17,2.255,2.258,2.231,2.248
05/25/17,2.257,2.269,2.243,2.257
05/24/17,2.283,2.298,2.243,2.252
05/23/17,2.233,2.290,2.227,2.284
05/22/17,2.243,2.257,2.235,2.256
05/19/17,2.234,2.258,2.225,2.236
05/18/17,2.231,2.252,2.183,2.233
05/17/17,2.295,2.306,2.211,2.226
05/16/17,2.339,2.362,2.306,2.327
05/15/17,2.323,2.352,2.320,2.345
05/12/17,2.388,2.393,2.320,2.328
05/11/17,2.412,2.423,2.383,2.390
05/10/17,2.393,2.418,2.370,2.416
05/09/17,2.393,2.414,2.377,2.400
05/08/17,2.363,2.391,2.331,2.389
05/05/17,2.356,2.382,2.338,2.352
05/04/17,2.323,2.369,2.323,2.358
05/03/17,2.285,2.326,2.277,2.320
05/02/17,2.319,2.343,2.280,2.280
05/01/17,2.281,2.339,2.280,2.320
04/28/17,2.299,2.333,2.277,2.281
04/27/17,2.311,2.323,2.282,2.297
04/26/17,2.331,2.348,2.301,2.307
04/25/17,2.270,2.342,2.268,2.335
04/24/17,2.315,2.323,2.264,2.275
04/21/17,2.242,2.252,2.207,2.248
04/20/17,2.213,2.255,2.198,2.232
04/19/17,2.182,2.225,2.176,2.217
04/18/17,2.253,2.261,2.165,2.175
04/17/17,2.208,2.258,2.200,2.250
04/13/17,2.245,2.273,2.222,2.234
04/12/17,2.297,2.314,2.238,2.239
04/11/17,2.354,2.357,2.288,2.299
04/10/17,2.386,2.395,2.347,2.368
04/07/17,2.349,2.386,2.272,2.382
04/06/17,2.338,2.369,2.327,2.341
04/05/17,2.362,2.383,2.326,2.337
04/04/17,2.328,2.364,2.314,2.363
04/03/17,2.397,2.406,2.321,2.323
03/31/17,2.416,2.435,2.384,2.386
03/30/17,2.386,2.424,2.375,2.421
03/29/17,2.424,2.430,2.377,2.378
03/28/17,2.381,2.422,2.357,2.420
03/27/17,2.380,2.382,2.349,2.377
03/24/17,2.421,2.440,2.394,2.413
03/23/17,2.407,2.436,2.387,2.422
03/22/17,2.415,2.425,2.375,2.408
03/21/17,2.463,2.499,2.411,2.418
03/20/17,2.496,2.516,2.461,2.461
03/17/17,2.542,2.546,2.488,2.502
03/16/17,2.496,2.540,2.488,2.540
03/15/17,2.601,2.603,2.490,2.495
03/14/17,2.624,2.632,2.589,2.602
03/13/17,2.588,2.628,2.559,2.626
03/10/17,2.613,2.623,2.571,2.577
03/09/17,2.567,2.610,2.557,2.609
03/08/17,2.522,2.581,2.507,2.562
03/07/17,2.493,2.521,2.492,2.518
03/06/17,2.476,2.509,2.461,2.500
03/03/17,2.484,2.519,2.471,2.480
03/02/17,2.467,2.504,2.452,2.478
03/01/17,2.419,2.468,2.398,2.457
02/28/17,2.361,2.401,2.334,2.394
02/27/17,2.322,2.371,2.318,2.365
02/24/17,2.379,2.384,2.311,2.314
02/23/17,2.419,2.422,2.372,2.376
02/22/17,2.439,2.454,2.392,2.417
02/21/17,2.439,2.461,2.414,2.431
02/17/17,2.454,2.463,2.400,2.418
02/16/17,2.490,2.492,2.438,2.448
02/15/17,2.479,2.520,2.467,2.493
02/14/17,2.438,2.502,2.429,2.469
02/13/17,2.427,2.450,2.417,2.433
02/10/17,2.401,2.429,2.398,2.409
02/09/17,2.333,2.403,2.326,2.395
02/08/17,2.399,2.401,2.326,2.339
02/07/17,2.406,2.442,2.369,2.395
02/06/17,2.465,2.468,2.406,2.413
02/03/17,2.482,2.498,2.428,2.470
02/02/17,2.479,2.483,2.432,2.475
02/01/17,2.464,2.515,2.461,2.472
01/31/17,2.483,2.502,2.431,2.458
01/30/17,2.477,2.499,2.462,2.488
01/27/17,2.512,2.528,2.477,2.484
01/26/17,2.506,2.556,2.500,2.504
01/25/17,2.462,2.534,2.443,2.515
01/24/17,2.409,2.472,2.385,2.465
01/23/17,2.443,2.473,2.379,2.401
01/20/17,2.468,2.511,2.451,2.468
01/19/17,2.422,2.493,2.413,2.473
01/18/17,2.336,2.430,2.331,2.428
01/17/17,2.370,2.375,2.308,2.322
01/15/17,2.397,2.397,2.397,2.360
01/13/17,2.365,2.429,2.331,2.397
01/12/17,2.358,2.364,2.307,2.360
01/11/17,2.381,2.396,2.326,2.377
01/10/17,2.367,2.392,2.360,2.378
01/09/17,2.419,2.430,2.367,2.368
01/06/17,2.357,2.425,2.335,2.420
01/05/17,2.436,2.451,2.344,2.349
01/04/17,2.453,2.477,2.430,2.441
01/03/17,2.445,2.516,2.435,2.448
01/01/17,2.445,2.445,2.445,2.476
12/30/16,2.478,2.488,2.433,2.445
12/29/16,2.506,2.508,2.461,2.476
12/28/16,2.561,2.564,2.504,2.510
12/27/16,2.550,2.577,2.546,2.562
12/23/16,2.551,2.559,2.526,2.541
12/22/16,2.536,2.576,2.528,2.553
12/21/16,2.569,2.576,2.535,2.539
12/20/16,2.542,2.591,2.538,2.560
12/19/16,2.580,2.594,2.529,2.542
12/16/16,2.602,2.619,2.552,2.591
12/15/16,2.567,2.641,2.564,2.603
12/14/16,2.468,2.582,2.422,2.575
12/13/16,2.463,2.495,2.435,2.473
12/12/16,2.494,2.526,2.469,2.472
12/09/16,2.415,2.476,2.398,2.466
12/08/16,2.346,2.422,2.337,2.409
12/07/16,2.394,2.401,2.340,2.341
12/06/16,2.395,2.401,2.374,2.390
12/05/16,2.359,2.448,2.338,2.399
12/02/16,2.438,2.447,2.374,2.387
12/01/16,2.385,2.491,2.379,2.450
11/30/16,2.293,2.404,2.291,2.387
11/29/16,2.310,2.350,2.289,2.291
11/28/16,2.337,2.346,2.308,2.314
11/25/16,2.384,2.414,2.350,2.359
11/23/16,2.317,2.417,2.295,2.353
11/22/16,2.302,2.335,2.284,2.313
11/21/16,2.350,2.358,2.303,2.315
11/18/16,2.298,2.366,2.271,2.357
11/17/16,2.208,2.308,2.186,2.304
11/16/16,2.223,2.302,2.199,2.223
11/15/16,2.228,2.245,2.180,2.221
11/14/16,2.196,2.313,2.179,2.263
11/10/16,2.019,2.154,1.991,2.152
11/09/16,1.862,2.083,1.716,2.063
11/08/16,1.824,1.875,1.808,1.857
11/07/16,1.821,1.835,1.807,1.828
11/04/16,1.804,1.823,1.768,1.776
11/03/16,1.806,1.829,1.783,1.814
11/02/16,1.827,1.830,1.775,1.804
11/01/16,1.835,1.883,1.817,1.828
10/31/16,1.843,1.852,1.824,1.826
10/28/16,1.855,1.876,1.831,1.849
10/27/16,1.797,1.870,1.791,1.853
10/26/16,1.755,1.796,1.740,1.793
10/25/16,1.766,1.785,1.741,1.760
10/24/16,1.739,1.774,1.724,1.767
10/21/16,1.760,1.760,1.731,1.738
10/20/16,1.751,1.765,1.724,1.758
10/19/16,1.741,1.769,1.729,1.745
10/18/16,1.775,1.786,1.736,1.737
10/17/16,1.793,1.814,1.752,1.768
10/14/16,1.750,1.804,1.747,1.801
10/13/16,1.768,1.769,1.725,1.745
10/12/16,1.766,1.801,1.764,1.773
10/11/16,1.767,1.782,1.747,1.766
10/07/16,1.730,1.773,1.720,1.722
10/06/16,1.708,1.745,1.694,1.739
10/05/16,1.687,1.729,1.669,1.704
10/04/16,1.631,1.693,1.612,1.687
10/03/16,1.602,1.627,1.593,1.626
09/30/16,1.560,1.613,1.534,1.597
09/29/16,1.587,1.600,1.542,1.556
09/28/16,1.559,1.584,1.540,1.572
09/27/16,1.588,1.607,1.547,1.559
09/26/16,1.612,1.619,1.574,1.582
09/23/16,1.623,1.634,1.605,1.618
09/22/16,1.655,1.657,1.606,1.622
09/21/16,1.689,1.732,1.653,1.653
09/20/16,1.707,1.710,1.667,1.690
09/19/16,1.693,1.715,1.680,1.710
09/16/16,1.691,1.705,1.658,1.692
09/15/16,1.697,1.732,1.663,1.692
09/14/16,1.724,1.743,1.674,1.699
09/13/16,1.664,1.748,1.635,1.729
09/12/16,1.672,1.697,1.659,1.664
09/09/16,1.608,1.684,1.592,1.674
09/08/16,1.539,1.619,1.527,1.597
09/07/16,1.541,1.549,1.516,1.541
09/06/16,1.607,1.620,1.532,1.536
09/02/16,1.571,1.622,1.547,1.606
09/01/16,1.583,1.619,1.556,1.568
08/31/16,1.569,1.587,1.553,1.582
08/30/16,1.571,1.595,1.559,1.568
08/29/16,1.625,1.633,1.560,1.562
08/26/16,1.572,1.636,1.527,1.633
08/25/16,1.566,1.582,1.552,1.577
08/24/16,1.555,1.570,1.542,1.562
08/23/16,1.552,1.571,1.526,1.548
08/22/16,1.597,1.602,1.536,1.542
08/19/16,1.549,1.594,1.536,1.581
08/18/16,1.536,1.564,1.524,1.536
08/17/16,1.566,1.589,1.535,1.552
08/16/16,1.556,1.588,1.514,1.575
08/15/16,1.510,1.561,1.498,1.558
08/12/16,1.563,1.565,1.478,1.512
08/11/16,1.503,1.577,1.502,1.560
08/10/16,1.542,1.549,1.500,1.506
08/09/16,1.589,1.597,1.537,1.551
08/08/16,1.596,1.614,1.574,1.593
08/05/16,1.502,1.594,1.490,1.590
08/04/16,1.542,1.558,1.485,1.503
08/03/16,1.561,1.570,1.529,1.546
08/02/16,1.520,1.572,1.510,1.555
08/01/16,1.460,1.527,1.460,1.526
07/29/16,1.502,1.560,1.448,1.452
07/28/16,1.503,1.536,1.490,1.509
07/27/16,1.563,1.591,1.500,1.500
07/26/16,1.573,1.587,1.541,1.568
07/25/16,1.574,1.595,1.551,1.576
07/22/16,1.548,1.598,1.537,1.566
07/21/16,1.582,1.622,1.553,1.558
07/20/16,1.559,1.597,1.545,1.585
07/19/16,1.569,1.573,1.542,1.554
07/18/16,1.580,1.604,1.558,1.585
07/15/16,1.524,1.603,1.516,1.547
07/14/16,1.469,1.551,1.459,1.538
07/13/16,1.506,1.512,1.457,1.474
07/12/16,1.431,1.531,1.420,1.511
07/11/16,1.362,1.437,1.357,1.434
07/08/16,1.391,1.428,1.350,1.361
07/07/16,1.370,1.423,1.356,1.388
07/06/16,1.368,1.393,1.323,1.371
07/05/16,1.443,1.443,1.357,1.377
07/01/16,1.470,1.473,1.388,1.443
06/30/16,1.512,1.545,1.452,1.473
06/29/16,1.464,1.523,1.454,1.518
06/28/16,1.439,1.483,1.426,1.466
06/27/16,1.506,1.527,1.434,1.434
06/24/16,1.682,1.701,1.418,1.559
06/23/16,1.698,1.752,1.695,1.745
06/22/16,1.701,1.710,1.677,1.687
06/21/16,1.677,1.713,1.659,1.710
06/20/16,1.657,1.690,1.643,1.690
06/17/16,1.577,1.621,1.577,1.611
06/16/16,1.573,1.580,1.518,1.578
06/15/16,1.617,1.639,1.571,1.574
06/14/16,1.612,1.626,1.572,1.615
06/13/16,1.625,1.641,1.604,1.611
06/10/16,1.683,1.685,1.624,1.642
06/09/16,1.706,1.710,1.659,1.687
06/08/16,1.715,1.725,1.696,1.702
06/07/16,1.732,1.748,1.702,1.718
06/06/16,1.704,1.742,1.703,1.738
06/03/16,1.808,1.814,1.698,1.698
06/02/16,1.838,1.843,1.795,1.800
06/01/16,1.848,1.857,1.807,1.837
05/31/16,1.860,1.891,1.828,1.848
05/27/16,1.837,1.855,1.822,1.851
05/26/16,1.865,1.870,1.816,1.830
05/25/16,1.862,1.879,1.848,1.870
05/24/16,1.839,1.879,1.824,1.864
05/23/16,1.840,1.856,1.819,1.836
05/20/16,1.848,1.866,1.836,1.843
05/19/16,1.850,1.880,1.829,1.850
05/18/16,1.772,1.883,1.763,1.855
05/17/16,1.752,1.772,1.738,1.771
05/16/16,1.694,1.758,1.694,1.758
05/13/16,1.751,1.752,1.700,1.700
05/12/16,1.719,1.764,1.719,1.750
05/11/16,1.765,1.768,1.718,1.728
05/10/16,1.752,1.779,1.743,1.764
05/09/16,1.787,1.789,1.745,1.745
05/06/16,1.754,1.785,1.706,1.776
05/05/16,1.780,1.811,1.737,1.744
05/04/16,1.801,1.815,1.772,1.776
05/03/16,1.877,1.878,1.783,1.800
05/02/16,1.831,1.877,1.811,1.874
04/29/16,1.834,1.866,1.817,1.834
04/28/16,1.849,1.870,1.816,1.823
04/27/16,1.927,1.929,1.851,1.854
04/26/16,1.908,1.942,1.892,1.932
04/25/16,1.893,1.917,1.864,1.917
04/22/16,1.861,1.897,1.851,1.889
04/21/16,1.843,1.887,1.832,1.865
04/20/16,1.781,1.856,1.755,1.848
04/19/16,1.782,1.805,1.770,1.786
04/18/16,1.724,1.786,1.721,1.772
04/15/16,1.789,1.801,1.741,1.754
04/14/16,1.777,1.804,1.752,1.794
04/13/16,1.782,1.802,1.757,1.764
04/12/16,1.730,1.784,1.725,1.776
04/11/16,1.726,1.755,1.695,1.728
04/08/16,1.699,1.733,1.698,1.719
04/07/16,1.758,1.769,1.684,1.688
04/06/16,1.728,1.772,1.728,1.757
04/05/16,1.763,1.765,1.715,1.724
04/04/16,1.767,1.789,1.751,1.762
04/01/16,1.778,1.808,1.762,1.772
03/31/16,1.815,1.833,1.767,1.770
03/30/16,1.808,1.862,1.803,1.826
03/29/16,1.881,1.898,1.798,1.805
03/28/16,1.905,1.917,1.862,1.886
03/24/16,1.879,1.903,1.852,1.900
03/23/16,1.942,1.955,1.873,1.878
03/22/16,1.919,1.948,1.884,1.944
03/21/16,1.879,1.925,1.870,1.917
03/18/16,1.899,1.903,1.865,1.878
03/17/16,1.911,1.916,1.856,1.898
03/16/16,1.972,1.999,1.907,1.907
03/15/16,1.960,1.974,1.916,1.971
03/14/16,1.977,1.988,1.942,1.961
03/11/16,1.927,1.985,1.917,1.984
03/10/16,1.880,1.952,1.857,1.934
03/09/16,1.825,1.901,1.824,1.879
03/08/16,1.906,1.906,1.804,1.825
03/07/16,1.883,1.920,1.878,1.908
03/04/16,1.833,1.903,1.820,1.877
03/03/16,1.838,1.866,1.815,1.835
03/02/16,1.821,1.871,1.816,1.841
03/01/16,1.736,1.837,1.700,1.826
02/29/16,1.760,1.765,1.727,1.736
02/26/16,1.725,1.783,1.718,1.764
02/25/16,1.753,1.754,1.679,1.723
02/24/16,1.719,1.755,1.646,1.748
02/23/16,1.754,1.812,1.713,1.724
02/22/16,1.758,1.786,1.748,1.755
02/19/16,1.741,1.780,1.719,1.749
02/18/16,1.811,1.827,1.734,1.741
02/17/16,1.784,1.845,1.737,1.823
02/16/16,1.778,1.801,1.750,1.776
02/12/16,1.668,1.759,1.661,1.748
02/11/16,1.633,1.667,1.535,1.661
02/10/16,1.730,1.773,1.666,1.671
02/09/16,1.736,1.765,1.684,1.727
02/08/16,1.860,1.868,1.734,1.749
02/05/16,1.841,1.896,1.826,1.834
02/04/16,1.883,1.909,1.840,1.842
02/03/16,1.853,1.893,1.795,1.888
02/02/16,1.948,1.952,1.847,1.852
02/01/16,1.920,1.968,1.908,1.950
01/29/16,1.981,1.992,1.909,1.923
01/28/16,2.005,2.034,1.976,1.977
01/27/16,1.987,2.054,1.978,2.003
01/26/16,1.998,2.026,1.964,1.996
01/25/16,2.050,2.066,2.005,2.005
01/22/16,2.034,2.087,2.014,2.055
01/21/16,2.002,2.036,1.956,2.032
01/20/16,2.047,2.049,1.939,1.981
01/19/16,2.052,2.086,2.021,2.057
01/15/16,2.095,2.100,1.990,2.038
01/14/16,2.069,2.121,2.046,2.091
01/13/16,2.124,2.150,2.043,2.095
01/12/16,2.171,2.202,2.081,2.102
01/11/16,2.119,2.177,2.117,2.177
01/08/16,2.158,2.202,2.109,2.116
01/07/16,2.182,2.198,2.119,2.147
01/06/16,2.236,2.244,2.168,2.169
01/05/16,2.243,2.264,2.224,2.240
01/04/16,2.293,2.295,2.200,2.245
12/31/15,2.294,2.305,2.266,2.269
12/30/15,2.297,2.324,2.284,2.296
12/29/15,2.226,2.318,2.221,2.307
12/28/15,2.256,2.260,2.211,2.237
12/24/15,2.258,2.264,2.237,2.242
12/23/15,2.235,2.278,2.233,2.257
12/22/15,2.194,2.241,2.185,2.237
12/21/15,2.207,2.226,2.172,2.191
12/18/15,2.229,2.229,2.179,2.210
12/17/15,2.281,2.282,2.222,2.224
12/16/15,2.263,2.332,2.251,2.300
12/15/15,2.214,2.289,2.205,2.268
12/14/15,2.151,2.231,2.140,2.223
12/11/15,2.237,2.240,2.119,2.124
12/10/15,2.225,2.240,2.206,2.233
12/09/15,2.228,2.270,2.198,2.214
12/08/15,2.234,2.244,2.198,2.221
12/07/15,2.283,2.292,2.206,2.231
12/04/15,2.296,2.354,2.259,2.274
12/03/15,2.182,2.347,2.176,2.318
12/02/15,2.162,2.204,2.154,2.180
12/01/15,2.217,2.239,2.143,2.143
11/30/15,2.217,2.248,2.204,2.207
11/27/15,2.226,2.231,2.200,2.223
11/25/15,2.243,2.253,2.220,2.238
11/24/15,2.244,2.252,2.205,2.239
11/23/15,2.276,2.299,2.237,2.239
11/20/15,2.253,2.268,2.229,2.264
11/19/15,2.270,2.276,2.230,2.248
11/18/15,2.276,2.297,2.255,2.272
11/17/15,2.273,2.312,2.248,2.264
11/16/15,2.242,2.276,2.238,2.268
11/13/15,2.316,2.321,2.268,2.268
11/12/15,2.317,2.342,2.301,2.313
11/10/15,2.344,2.351,2.307,2.343
11/09/15,2.331,2.375,2.325,2.347
11/06/15,2.236,2.347,2.222,2.324
11/05/15,2.228,2.261,2.220,2.232
11/04/15,2.203,2.241,2.196,2.225
11/03/15,2.176,2.225,2.168,2.213
11/02/15,2.135,2.191,2.129,2.171
10/30/15,2.173,2.184,2.139,2.145
10/29/15,2.099,2.182,2.080,2.174
10/28/15,2.039,2.107,2.030,2.100
10/27/15,2.055,2.059,2.008,2.040
10/26/15,2.077,2.090,2.051,2.057
10/23/15,2.037,2.097,2.022,2.088
10/22/15,2.020,2.051,2.003,2.028
10/21/15,2.059,2.069,2.016,2.026
10/20/15,2.024,2.082,2.013,2.067
10/19/15,2.022,2.057,2.012,2.019
10/16/15,2.027,2.039,2.001,2.034
10/15/15,1.976,2.034,1.975,2.017
10/14/15,2.046,2.050,1.974,1.975
10/13/15,2.072,2.079,2.037,2.042
10/09/15,2.097,2.137,2.079,2.089
10/08/15,2.069,2.119,2.036,2.107
10/07/15,2.038,2.087,2.033,2.064
10/06/15,2.049,2.078,2.030,2.033
10/05/15,1.990,2.062,1.977,2.059
10/02/15,2.047,2.066,1.907,1.994
10/01/15,2.041,2.072,2.011,2.039
09/30/15,2.062,2.106,2.036,2.040
09/29/15,2.093,2.119,2.043,2.053
09/28/15,2.157,2.169,2.091,2.094
09/25/15,2.128,2.197,2.125,2.164
09/24/15,2.146,2.157,2.083,2.128
09/23/15,2.140,2.171,2.117,2.153
09/22/15,2.208,2.208,2.115,2.136
09/21/15,2.128,2.218,2.128,2.203
09/18/15,2.193,2.198,2.120,2.135
09/17/15,2.292,2.300,2.187,2.189
09/16/15,2.282,2.305,2.258,2.297
09/15/15,2.182,2.291,2.164,2.287
09/14/15,2.197,2.204,2.162,2.185
09/11/15,2.222,2.228,2.172,2.191
09/10/15,2.184,2.236,2.175,2.224
09/09/15,2.187,2.253,2.174,2.201
09/08/15,2.148,2.199,2.125,2.184
09/04/15,2.166,2.169,2.112,2.129
09/03/15,2.181,2.196,2.152,2.160
09/02/15,2.160,2.196,2.144,2.185
09/01/15,2.219,2.219,2.150,2.156
08/31/15,2.189,2.220,2.134,2.217
08/28/15,2.151,2.197,2.128,2.182
08/27/15,2.169,2.210,2.136,2.185
08/26/15,2.057,2.192,2.056,2.177
08/25/15,2.014,2.140,2.005,2.073
08/24/15,2.034,2.044,1.978,2.006
08/21/15,2.075,2.092,2.030,2.041
08/20/15,2.132,2.135,2.068,2.070
08/19/15,2.193,2.230,2.113,2.127
08/18/15,2.167,2.204,2.140,2.194
08/17/15,2.192,2.200,2.144,2.172
08/14/15,2.183,2.217,2.165,2.200
08/13/15,2.139,2.196,2.123,2.185
08/12/15,2.153,2.158,2.047,2.150
08/11/15,2.230,2.234,2.114,2.143
08/10/15,2.174,2.243,2.174,2.231
08/07/15,2.225,2.254,2.163,2.166
08/06/15,2.271,2.280,2.219,2.223
08/05/15,2.228,2.293,2.222,2.271
08/04/15,2.146,2.230,2.145,2.225
08/03/15,2.190,2.211,2.138,2.150
07/31/15,2.267,2.285,2.181,2.184
07/30/15,2.288,2.321,2.255,2.257
07/29/15,2.259,2.298,2.248,2.287
07/28/15,2.221,2.266,2.218,2.251
07/27/15,2.261,2.266,2.209,2.218
07/24/15,2.271,2.284,2.254,2.264
07/23/15,2.327,2.342,2.266,2.269
07/22/15,2.330,2.345,2.301,2.322
07/21/15,2.373,2.402,2.326,2.329
07/20/15,2.344,2.392,2.344,2.377
07/17/15,2.357,2.376,2.335,2.348
07/16/15,2.358,2.397,2.339,2.352
07/15/15,2.390,2.430,2.342,2.353
07/14/15,2.445,2.449,2.389,2.401
07/13/15,2.387,2.473,2.376,2.454
07/10/15,2.354,2.422,2.335,2.399
07/09/15,2.200,2.328,2.184,2.320
07/08/15,2.258,2.260,2.175,2.195
07/07/15,2.292,2.311,2.189,2.259
07/06/15,2.277,2.345,2.274,2.287
07/02/15,2.429,2.459,2.361,2.383
07/01/15,2.370,2.443,2.352,2.424
06/30/15,2.328,2.378,2.311,2.359
06/29/15,2.311,2.406,2.295,2.326
06/26/15,2.406,2.487,2.394,2.475
06/25/15,2.366,2.423,2.364,2.411
06/24/15,2.399,2.413,2.365,2.367
06/23/15,2.372,2.427,2.363,2.409
06/22/15,2.285,2.380,2.279,2.376
06/19/15,2.326,2.326,2.258,2.260
06/18/15,2.301,2.381,2.262,2.337
06/17/15,2.313,2.390,2.301,2.318
06/16/15,2.357,2.359,2.308,2.311
06/15/15,2.349,2.375,2.312,2.358
06/12/15,2.383,2.406,2.336,2.397
06/11/15,2.472,2.503,2.377,2.377
06/10/15,2.437,2.495,2.432,2.484
06/09/15,2.388,2.446,2.357,2.440
06/08/15,2.414,2.415,2.365,2.382
06/05/15,2.314,2.437,2.312,2.411
06/04/15,2.361,2.425,2.292,2.309
06/03/15,2.262,2.384,2.252,2.366
06/02/15,2.185,2.279,2.175,2.264
06/01/15,2.121,2.197,2.113,2.181
05/29/15,2.135,2.141,2.088,2.127
05/28/15,2.135,2.151,2.118,2.137
05/27/15,2.145,2.176,2.127,2.130
05/26/15,2.201,2.215,2.132,2.142
05/22/15,2.193,2.241,2.166,2.211
05/21/15,2.249,2.254,2.184,2.192
05/20/15,2.282,2.283,2.232,2.250
05/19/15,2.233,2.299,2.183,2.292
05/18/15,2.152,2.241,2.140,2.237
05/15/15,2.224,2.234,2.132,2.146
05/14/15,2.277,2.291,2.222,2.232
05/13/15,2.257,2.296,2.189,2.294
05/12/15,2.281,2.359,2.235,2.253
05/11/15,2.143,2.291,2.129,2.284
05/08/15,2.176,2.197,2.107,2.127
05/07/15,2.242,2.306,2.167,2.184
05/06/15,2.190,2.254,2.181,2.244
05/05/15,2.142,2.202,2.116,2.189
05/04/15,2.134,2.146,2.087,2.146
05/01/15,2.051,2.124,2.046,2.117
04/30/15,2.046,2.107,2.018,2.034
04/29/15,2.010,2.074,1.984,2.042
04/28/15,1.921,2.006,1.915,2.005
04/27/15,1.915,1.947,1.895,1.923
04/24/15,1.957,1.971,1.908,1.909
04/23/15,1.982,1.987,1.935,1.958
04/22/15,1.909,1.989,1.890,1.981
04/21/15,1.888,1.919,1.865,1.911
04/20/15,1.870,1.903,1.854,1.891
04/17/15,1.892,1.909,1.845,1.864
04/16/15,1.893,1.925,1.869,1.891
04/15/15,1.895,1.915,1.874,1.889
04/14/15,1.928,1.930,1.854,1.899
04/13/15,1.951,1.982,1.925,1.932
04/10/15,1.967,1.969,1.918,1.948
04/09/15,1.901,1.966,1.878,1.963
04/08/15,1.892,1.927,1.870,1.906
04/07/15,1.896,1.925,1.880,1.888
04/06/15,1.833,1.912,1.825,1.897
04/03/15,1.911,1.912,1.800,1.843
04/02/15,1.861,1.917,1.832,1.914
04/01/15,1.932,1.947,1.854,1.858
03/31/15,1.953,1.966,1.923,1.925
03/30/15,1.958,1.979,1.939,1.948
03/27/15,1.997,2.003,1.948,1.963
03/26/15,1.928,2.010,1.897,1.993
03/25/15,1.876,1.931,1.857,1.930
03/24/15,1.914,1.926,1.865,1.875
03/23/15,1.929,1.937,1.903,1.911
03/20/15,1.966,1.975,1.921,1.932
03/19/15,1.920,1.986,1.898,1.970
03/18/15,2.055,2.056,1.909,1.925
03/17/15,2.079,2.082,2.040,2.051
03/16/15,2.106,2.107,2.067,2.074
03/13/15,2.116,2.147,2.087,2.117
03/12/15,2.105,2.120,2.040,2.119
03/11/15,2.126,2.159,2.100,2.110
03/10/15,2.198,2.210,2.116,2.131
03/09/15,2.239,2.241,2.187,2.193
03/06/15,2.123,2.262,2.086,2.245
03/05/15,2.111,2.144,2.097,2.117
03/04/15,2.119,2.139,2.094,2.119
03/03/15,2.081,2.128,2.071,2.119
03/02/15,2.004,2.095,1.991,2.086
02/27/15,2.030,2.052,1.992,1.995
02/26/15,1.968,2.040,1.933,2.028
02/25/15,1.990,2.000,1.957,1.969
02/24/15,2.069,2.108,1.972,1.981
02/23/15,2.103,2.138,2.053,2.059
02/20/15,2.122,2.138,2.048,2.116
02/19/15,2.076,2.122,2.050,2.117
02/18/15,2.128,2.160,2.046,2.080
02/17/15,2.054,2.150,1.999,2.141
02/13/15,1.985,2.056,1.974,2.055
02/12/15,1.995,2.049,1.960,1.986
02/11/15,1.979,2.026,1.973,2.020
02/10/15,1.966,2.012,1.958,1.998
02/09/15,1.932,1.981,1.886,1.981
02/06/15,1.817,1.966,1.797,1.957
02/05/15,1.736,1.830,1.722,1.822
02/04/15,1.788,1.835,1.739,1.751
02/03/15,1.671,1.799,1.663,1.793
02/02/15,1.648,1.710,1.647,1.668
01/30/15,1.751,1.755,1.639,1.644
01/29/15,1.729,1.781,1.713,1.753
01/28/15,1.823,1.831,1.706,1.721
01/27/15,1.825,1.833,1.754,1.825
01/26/15,1.769,1.839,1.753,1.827
01/23/15,1.868,1.870,1.783,1.794
01/22/15,1.869,1.944,1.816,1.865
01/21/15,1.801,1.875,1.777,1.874
01/20/15,1.840,1.840,1.760,1.793
01/16/15,1.722,1.840,1.704,1.840
01/15/15,1.859,1.902,1.708,1.718
01/14/15,1.901,1.904,1.788,1.857
01/13/15,1.903,1.942,1.864,1.902
01/12/15,1.947,1.978,1.904,1.909
01/09/15,2.016,2.025,1.945,1.950
01/08/15,1.982,2.028,1.970,2.020
01/07/15,1.946,2.007,1.926,1.971
01/06/15,2.035,2.035,1.892,1.944
01/05/15,2.100,2.135,2.033,2.034
01/02/15,2.208,2.210,2.105,2.111
12/31/14,2.192,2.193,2.163,2.171
12/30/14,2.200,2.208,2.168,2.190
12/29/14,2.247,2.255,2.198,2.202
12/26/14,2.265,2.265,2.240,2.253
12/24/14,2.258,2.299,2.239,2.265
12/23/14,2.163,2.271,2.153,2.263
12/22/14,2.161,2.188,2.148,2.160
12/19/14,2.209,2.233,2.159,2.165
12/18/14,2.144,2.224,2.112,2.211
12/17/14,2.062,2.153,2.047,2.139
12/16/14,2.117,2.118,2.012,2.061
12/15/14,2.084,2.136,2.082,2.120
12/12/14,2.173,2.174,2.075,2.083
12/11/14,2.167,2.213,2.142,2.162
12/10/14,2.222,2.231,2.155,2.164
12/09/14,2.263,2.272,2.192,2.213
12/08/14,2.321,2.346,2.243,2.259
12/05/14,2.244,2.331,2.244,2.307
12/04/14,2.279,2.293,2.236,2.236
12/03/14,2.286,2.306,2.280,2.280
12/02/14,2.232,2.296,2.225,2.294
12/01/14,2.176,2.241,2.152,2.238
11/28/14,2.253,2.253,2.168,2.168
11/26/14,2.296,2.296,2.230,2.246
11/25/14,2.302,2.312,2.255,2.259
11/24/14,2.314,2.337,2.297,2.309
11/21/14,2.339,2.358,2.309,2.311
11/20/14,2.359,2.360,2.303,2.340
11/19/14,2.313,2.362,2.313,2.361
11/18/14,2.334,2.344,2.312,2.317
11/17/14,2.297,2.347,2.281,2.343
11/14/14,2.343,2.377,2.313,2.320
11/13/14,2.376,2.386,2.337,2.342
11/12/14,2.375,2.375,2.319,2.373
11/10/14,2.309,2.365,2.273,2.363
11/07/14,2.385,2.398,2.300,2.300
11/06/14,2.344,2.390,2.328,2.388
11/05/14,2.331,2.372,2.327,2.345
11/04/14,2.344,2.348,2.305,2.336
11/03/14,2.305,2.381,2.302,2.345
10/31/14,2.306,2.357,2.294,2.337
10/30/14,2.311,2.334,2.279,2.307
10/29/14,2.297,2.361,2.276,2.316
10/28/14,2.260,2.300,2.248,2.296
10/27/14,2.285,2.296,2.241,2.263
10/24/14,2.276,2.276,2.230,2.272
10/23/14,2.217,2.297,2.202,2.273
10/22/14,2.215,2.248,2.180,2.218
10/21/14,2.188,2.228,2.135,2.220
10/20/14,2.216,2.227,2.158,2.192
10/17/14,2.156,2.249,2.120,2.197
10/16/14,2.140,2.179,1.979,2.161
10/15/14,2.206,2.228,1.912,2.140
10/14/14,2.236,2.261,2.184,2.196
10/10/14,2.314,2.348,2.282,2.283
10/09/14,2.329,2.339,2.282,2.315
10/08/14,2.348,2.385,2.309,2.323
10/07/14,2.421,2.431,2.336,2.340
10/06/14,2.440,2.450,2.405,2.422
10/03/14,2.432,2.482,2.429,2.436
10/02/14,2.385,2.440,2.384,2.427
10/01/14,2.500,2.508,2.386,2.386
09/30/14,2.484,2.523,2.478,2.492
09/29/14,2.524,2.542,2.477,2.479
09/26/14,2.507,2.546,2.491,2.530
09/25/14,2.567,2.570,2.502,2.503
09/24/14,2.530,2.570,2.527,2.566
09/23/14,2.566,2.571,2.524,2.525
09/22/14,2.573,2.578,2.548,2.567
09/19/14,2.627,2.655,2.576,2.576
09/18/14,2.627,2.641,2.596,2.618
09/17/14,2.592,2.626,2.557,2.622
09/16/14,2.587,2.598,2.551,2.595
09/15/14,2.607,2.622,2.581,2.591
09/12/14,2.548,2.614,2.545,2.611
09/11/14,2.536,2.556,2.507,2.548
09/10/14,2.505,2.544,2.491,2.541
09/09/14,2.474,2.507,2.473,2.505
09/08/14,2.455,2.478,2.420,2.473
09/05/14,2.468,2.472,2.394,2.459
09/04/14,2.402,2.456,2.381,2.451
09/03/14,2.418,2.464,2.394,2.398
09/02/14,2.361,2.425,2.355,2.423
08/29/14,2.341,2.354,2.326,2.345
08/28/14,2.357,2.360,2.320,2.337
08/27/14,2.396,2.399,2.355,2.356
08/26/14,2.385,2.401,2.365,2.398
08/25/14,2.409,2.415,2.378,2.386
08/22/14,2.410,2.444,2.383,2.405
08/21/14,2.436,2.451,2.398,2.407
08/20/14,2.401,2.445,2.397,2.431
08/19/14,2.396,2.409,2.361,2.403
08/18/14,2.357,2.397,2.351,2.394
08/15/14,2.408,2.414,2.302,2.341
08/14/14,2.434,2.443,2.385,2.402
08/13/14,2.457,2.475,2.406,2.421
08/12/14,2.428,2.454,2.416,2.451
08/11/14,2.430,2.441,2.411,2.430
08/08/14,2.417,2.427,2.347,2.425
08/07/14,2.467,2.481,2.408,2.413
08/06/14,2.487,2.491,2.436,2.473
08/05/14,2.487,2.526,2.472,2.486
08/04/14,2.497,2.512,2.469,2.484
08/01/14,2.564,2.590,2.482,2.495
07/31/14,2.560,2.613,2.542,2.560
07/30/14,2.458,2.566,2.457,2.558
07/29/14,2.490,2.499,2.452,2.461
07/28/14,2.473,2.499,2.465,2.486
07/25/14,2.506,2.526,2.464,2.468
07/24/14,2.470,2.519,2.460,2.506
07/23/14,2.468,2.483,2.447,2.468
07/22/14,2.471,2.505,2.459,2.463
07/21/14,2.469,2.493,2.448,2.470
07/18/14,2.453,2.501,2.446,2.484
07/17/14,2.526,2.527,2.442,2.450
07/16/14,2.548,2.565,2.526,2.527
07/15/14,2.549,2.573,2.518,2.549
07/14/14,2.522,2.554,2.522,2.549
07/11/14,2.535,2.549,2.505,2.520
07/10/14,2.557,2.560,2.495,2.536
07/09/14,2.560,2.605,2.542,2.552
07/08/14,2.615,2.624,2.557,2.558
07/07/14,2.660,2.663,2.610,2.614
07/03/14,2.627,2.691,2.615,2.638
07/02/14,2.568,2.629,2.548,2.627
07/01/14,2.531,2.570,2.521,2.567
06/30/14,2.532,2.548,2.513,2.532
06/27/14,2.529,2.539,2.508,2.536
06/26/14,2.560,2.569,2.513,2.531
06/25/14,2.578,2.589,2.531,2.563
06/24/14,2.626,2.626,2.573,2.579
06/23/14,2.609,2.628,2.590,2.628
06/20/14,2.625,2.657,2.607,2.608
06/19/14,2.588,2.645,2.566,2.619
06/18/14,2.662,2.704,2.585,2.586
06/17/14,2.601,2.658,2.586,2.654
06/16/14,2.603,2.612,2.579,2.599
06/13/14,2.598,2.643,2.588,2.606
06/12/14,2.643,2.663,2.574,2.597
06/11/14,2.652,2.667,2.613,2.642
06/10/14,2.600,2.647,2.590,2.644
06/09/14,2.594,2.629,2.591,2.604
06/06/14,2.585,2.598,2.532,2.590
06/05/14,2.599,2.642,2.572,2.584
06/04/14,2.596,2.616,2.567,2.604
06/03/14,2.530,2.603,2.519,2.602
06/02/14,2.480,2.543,2.475,2.529
05/30/14,2.468,2.488,2.436,2.477
05/29/14,2.448,2.470,2.401,2.466
05/28/14,2.515,2.517,2.433,2.445
05/27/14,2.541,2.554,2.513,2.516
05/23/14,2.556,2.561,2.519,2.536
05/22/14,2.534,2.568,2.529,2.552
05/21/14,2.505,2.560,2.502,2.536
05/20/14,2.542,2.554,2.503,2.512
05/19/14,2.520,2.547,2.494,2.545
05/16/14,2.492,2.527,2.488,2.525
05/15/14,2.544,2.565,2.476,2.491
05/14/14,2.610,2.619,2.528,2.545
05/13/14,2.658,2.663,2.607,2.611
05/12/14,2.628,2.665,2.627,2.663
05/09/14,2.608,2.633,2.594,2.625
05/08/14,2.623,2.638,2.583,2.618
05/07/14,2.598,2.619,2.577,2.618
05/06/14,2.612,2.631,2.587,2.594
05/05/14,2.582,2.613,2.573,2.610
05/02/14,2.614,2.696,2.572,2.585
05/01/14,2.655,2.667,2.596,2.615
04/30/14,2.695,2.721,2.643,2.647
04/29/14,2.709,2.732,2.609,2.694
04/28/14,2.673,2.711,2.664,2.703
04/25/14,2.686,2.692,2.644,2.666
04/24/14,2.700,2.732,2.679,2.683
04/23/14,2.715,2.728,2.677,2.705
04/22/14,2.718,2.748,2.699,2.714
04/21/14,2.716,2.732,2.689,2.717
04/17/14,2.636,2.728,2.620,2.723
04/16/14,2.624,2.662,2.623,2.632
04/15/14,2.648,2.666,2.598,2.631
04/14/14,2.605,2.658,2.603,2.649
04/11/14,2.642,2.661,2.608,2.627
04/10/14,2.696,2.702,2.616,2.648
04/09/14,2.685,2.721,2.676,2.693
04/08/14,2.708,2.720,2.674,2.683
04/07/14,2.721,2.740,2.681,2.705
04/04/14,2.796,2.808,2.721,2.723
04/03/14,2.808,2.808,2.778,2.799
04/02/14,2.756,2.811,2.754,2.805
04/01/14,2.727,2.766,2.725,2.756
03/31/14,2.725,2.763,2.693,2.719
03/28/14,2.684,2.730,2.671,2.722
03/27/14,2.694,2.714,2.662,2.683
03/26/14,2.747,2.761,2.689,2.693
03/25/14,2.732,2.760,2.718,2.748
03/24/14,2.755,2.785,2.720,2.730
03/21/14,2.778,2.785,2.738,2.747
03/20/14,2.768,2.791,2.742,2.774
03/19/14,2.675,2.795,2.662,2.771
03/18/14,2.693,2.704,2.665,2.674
03/17/14,2.641,2.700,2.638,2.694
03/14/14,2.647,2.667,2.613,2.655
03/13/14,2.735,2.757,2.642,2.646
03/12/14,2.772,2.775,2.717,2.734
03/11/14,2.784,2.798,2.762,2.770
03/10/14,2.785,2.807,2.763,2.781
03/07/14,2.732,2.819,2.721,2.787
03/06/14,2.703,2.747,2.695,2.739
03/05/14,2.691,2.720,2.681,2.707
03/04/14,2.607,2.704,2.605,2.699
03/03/14,2.600,2.637,2.594,2.603
02/28/14,2.647,2.697,2.633,2.649
02/27/14,2.669,2.679,2.634,2.641
02/26/14,2.706,2.722,2.661,2.665
02/25/14,2.744,2.749,2.698,2.705
02/24/14,2.736,2.761,2.720,2.741
02/21/14,2.756,2.780,2.728,2.734
02/20/14,2.742,2.772,2.701,2.752
02/19/14,2.713,2.742,2.675,2.739
02/18/14,2.750,2.764,2.695,2.708
02/14/14,2.745,2.757,2.713,2.750
02/13/14,2.785,2.785,2.727,2.734
02/12/14,2.723,2.793,2.715,2.793
02/11/14,2.683,2.734,2.681,2.727
02/10/14,2.682,2.695,2.665,2.670
02/07/14,2.699,2.737,2.630,2.684
02/06/14,2.670,2.714,2.575,2.703
02/05/14,2.623,2.680,2.603,2.673
02/04/14,2.586,2.639,2.575,2.633
02/03/14,2.665,2.684,2.575,2.580
01/31/14,2.699,2.710,2.644,2.651
01/30/14,2.690,2.729,2.678,2.695
01/29/14,2.778,2.801,2.674,2.682
01/28/14,2.757,2.788,2.747,2.759
01/27/14,2.716,2.772,2.713,2.755
01/24/14,2.783,2.791,2.710,2.720
01/23/14,2.872,2.873,2.764,2.781
01/22/14,2.837,2.873,2.827,2.870
01/21/14,2.825,2.870,2.808,2.837
01/17/14,2.848,2.865,2.822,2.823
01/16/14,2.893,2.897,2.838,2.846
01/15/14,2.870,2.917,2.862,2.896
01/14/14,2.831,2.882,2.831,2.873
01/13/14,2.863,2.868,2.820,2.829
01/10/14,2.971,2.976,2.857,2.861
01/09/14,2.983,3.006,2.961,2.967
01/08/14,2.947,3.013,2.943,2.994
01/07/14,2.963,2.971,2.939,2.943
01/06/14,3.005,3.016,2.949,2.962
01/03/14,2.994,3.013,2.975,3.002
01/02/14,3.031,3.043,2.981,2.994
12/31/13,2.974,3.037,2.973,3.036
12/30/13,3.002,3.019,2.970,2.973
12/27/13,2.988,3.023,2.973,3.005
12/26/13,2.982,3.002,2.955,2.995
12/24/13,2.926,2.989,2.921,2.982
12/23/13,2.893,2.937,2.879,2.933
12/20/13,2.931,2.965,2.883,2.889
12/19/13,2.881,2.954,2.878,2.929
12/18/13,2.843,2.922,2.827,2.895
12/17/13,2.872,2.886,2.838,2.842
12/16/13,2.861,2.889,2.838,2.881
12/13/13,2.874,2.893,2.854,2.868
12/12/13,2.856,2.890,2.844,2.883
12/11/13,2.819,2.862,2.800,2.861
12/10/13,2.848,2.850,2.792,2.807
12/09/13,2.864,2.867,2.838,2.844
12/06/13,2.876,2.925,2.842,2.858
12/05/13,2.835,2.877,2.823,2.876
12/04/13,2.787,2.853,2.775,2.837
12/03/13,2.798,2.807,2.761,2.788
12/02/13,2.752,2.813,2.750,2.799
11/29/13,2.739,2.769,2.726,2.748
11/27/13,2.712,2.772,2.708,2.740
11/26/13,2.717,2.736,2.695,2.713
11/25/13,2.762,2.774,2.730,2.733
11/22/13,2.785,2.796,2.745,2.746
11/21/13,2.815,2.841,2.780,2.789
11/20/13,2.721,2.808,2.687,2.805
11/19/13,2.674,2.719,2.662,2.711
11/18/13,2.713,2.726,2.664,2.672
11/15/13,2.700,2.737,2.696,2.707
11/14/13,2.702,2.950,2.686,2.692
11/13/13,2.771,2.774,2.692,2.723
11/12/13,2.765,2.796,2.753,2.777
11/11/13,2.747,2.747,2.747,2.747
11/08/13,2.602,2.758,2.592,2.754
11/07/13,2.640,2.654,2.599,2.605
11/06/13,2.662,2.675,2.632,2.647
11/05/13,2.596,2.681,2.594,2.675
11/04/13,2.625,2.625,2.591,2.607
11/01/13,2.557,2.628,2.497,2.621
10/31/13,2.544,2.574,2.502,2.559
10/30/13,2.508,2.552,2.473,2.543
10/29/13,2.522,2.537,2.502,2.510
10/28/13,2.512,2.531,2.503,2.526
10/25/13,2.523,2.526,2.499,2.515
10/24/13,2.499,2.526,2.477,2.526
10/23/13,2.509,2.512,2.470,2.504
10/22/13,2.604,2.612,2.510,2.515
10/21/13,2.586,2.621,2.577,2.608
10/18/13,2.602,2.606,2.543,2.583
10/17/13,2.665,2.671,2.582,2.594
10/16/13,2.735,2.760,2.666,2.666
10/15/13,2.737,2.741,2.693,2.734
10/11/13,2.682,2.697,2.647,2.692
10/10/13,2.668,2.726,2.664,2.684
10/09/13,2.623,2.674,2.619,2.664
10/08/13,2.625,2.660,2.610,2.636
10/07/13,2.633,2.641,2.610,2.630
10/04/13,2.614,2.661,2.612,2.650
10/03/13,2.617,2.655,2.583,2.610
10/02/13,2.659,2.664,2.591,2.622
10/01/13,2.616,2.664,2.611,2.655
09/30/13,2.595,2.649,2.589,2.611
09/27/13,2.647,2.673,2.604,2.626
09/26/13,2.637,2.662,2.625,2.652
09/25/13,2.659,2.669,2.614,2.634
09/24/13,2.703,2.707,2.644,2.658
09/23/13,2.733,2.759,2.700,2.705
09/20/13,2.750,2.778,2.719,2.736
09/19/13,2.702,2.859,2.674,2.757
09/18/13,2.843,2.904,2.674,2.694
09/17/13,2.870,2.876,2.832,2.853
09/16/13,2.878,2.880,2.778,2.867
09/13/13,2.913,2.959,2.884,2.888
09/12/13,2.918,2.922,2.866,2.912
09/11/13,2.971,2.979,2.908,2.913
09/10/13,2.916,2.974,2.912,2.970
09/09/13,2.942,2.953,2.878,2.919
09/06/13,2.990,3.008,2.841,2.936
09/05/13,2.895,3.005,2.886,2.998
09/04/13,2.864,2.908,2.849,2.901
09/03/13,2.838,2.909,2.815,2.852
08/30/13,2.772,2.791,2.745,2.790
08/29/13,2.778,2.833,2.746,2.764
08/28/13,2.718,2.800,2.702,2.768
08/27/13,2.795,2.814,2.710,2.713
08/26/13,2.824,2.834,2.785,2.791
08/23/13,2.896,2.925,2.805,2.815
08/22/13,2.900,2.939,2.875,2.889
08/21/13,2.823,2.900,2.810,2.896
08/20/13,2.873,2.881,2.806,2.817
08/19/13,2.841,2.902,2.836,2.883
08/16/13,2.764,2.866,2.759,2.828
08/15/13,2.701,2.814,2.681,2.773
08/14/13,2.719,2.729,2.696,2.718
08/13/13,2.619,2.730,2.619,2.727
08/12/13,2.579,2.629,2.556,2.620
08/09/13,2.595,2.611,2.577,2.582
08/08/13,2.611,2.616,2.579,2.591
08/07/13,2.639,2.647,2.589,2.613
08/06/13,2.640,2.668,2.625,2.646
08/05/13,2.605,2.661,2.598,2.641
08/02/13,2.713,2.750,2.599,2.601
08/01/13,2.587,2.724,2.584,2.709
07/31/13,2.593,2.702,2.575,2.582
07/30/13,2.599,2.617,2.574,2.614
07/29/13,2.563,2.609,2.548,2.606
07/26/13,2.577,2.592,2.547,2.567
07/25/13,2.592,2.634,2.572,2.573
07/24/13,2.514,2.627,2.511,2.591
07/23/13,2.485,2.534,2.478,2.510
07/22/13,2.484,2.496,2.463,2.482
07/19/13,2.533,2.545,2.482,2.488
07/18/13,2.488,2.549,2.471,2.530
07/17/13,2.538,2.564,2.465,2.494
07/16/13,2.545,2.563,2.515,2.537
07/15/13,2.590,2.638,2.539,2.543
07/12/13,2.573,2.607,2.523,2.588
07/11/13,2.566,2.619,2.555,2.577
07/10/13,2.643,2.690,2.620,2.631
07/09/13,2.648,2.670,2.618,2.641
07/08/13,2.748,2.758,2.637,2.638
07/05/13,2.518,2.744,2.468,2.744
07/03/13,2.475,2.508,2.417,2.506
07/02/13,2.486,2.495,2.454,2.478
07/01/13,2.502,2.555,2.476,2.481
06/28/13,2.479,2.551,2.450,2.491
06/27/13,2.538,2.553,2.467,2.471
06/26/13,2.625,2.626,2.511,2.540
06/25/13,2.530,2.620,2.485,2.611
06/24/13,2.539,2.667,2.520,2.542
06/21/13,2.402,2.549,2.387,2.537
06/20/13,2.370,2.463,2.347,2.421
06/19/13,2.185,2.364,2.167,2.357
06/18/13,2.179,2.220,2.167,2.188
06/17/13,2.131,2.185,2.110,2.184
06/14/13,2.158,2.162,2.101,2.137
06/13/13,2.230,2.230,2.134,2.152
06/12/13,2.188,2.243,2.169,2.232
06/11/13,2.216,2.290,2.174,2.189
06/10/13,2.162,2.231,2.153,2.215
06/07/13,2.072,2.183,2.051,2.175
06/06/13,2.095,2.128,2.030,2.081
06/05/13,2.153,2.156,2.087,2.094
06/04/13,2.124,2.165,2.108,2.154
06/03/13,2.158,2.187,2.078,2.122
05/31/13,2.115,2.206,2.070,2.134
05/30/13,2.120,2.163,2.098,2.113
05/29/13,2.173,2.234,2.115,2.119
05/28/13,2.029,2.178,2.028,2.169
05/24/13,2.030,2.041,1.987,2.013
05/23/13,2.054,2.072,1.968,2.019
05/22/13,1.925,2.045,1.888,2.044
05/21/13,1.963,1.997,1.928,1.932
05/20/13,1.954,1.978,1.920,1.968
05/17/13,1.884,1.961,1.862,1.954
05/16/13,1.940,1.958,1.864,1.884
05/15/13,1.978,1.991,1.923,1.940
05/14/13,1.911,1.981,1.896,1.978
05/13/13,1.903,1.946,1.894,1.924
05/10/13,1.813,1.921,1.788,1.903
05/09/13,1.816,1.821,1.783,1.813
05/08/13,1.784,1.816,1.755,1.816
05/07/13,1.767,1.791,1.746,1.784
05/06/13,1.743,1.780,1.738,1.767
05/03/13,1.629,1.755,1.625,1.743
05/02/13,1.634,1.661,1.625,1.629
05/01/13,1.672,1.683,1.615,1.634
04/30/13,1.675,1.683,1.639,1.675
04/29/13,1.668,1.678,1.655,1.675
04/26/13,1.710,1.713,1.663,1.668
04/25/13,1.710,1.726,1.700,1.710
04/24/13,1.713,1.731,1.695,1.710
04/23/13,1.696,1.716,1.653,1.713
04/22/13,1.710,1.738,1.683,1.696
04/19/13,1.688,1.717,1.688,1.710
04/18/13,1.702,1.722,1.680,1.688
04/17/13,1.727,1.735,1.676,1.702
04/16/13,1.688,1.736,1.682,1.727
04/15/13,1.728,1.743,1.681,1.688
04/12/13,1.792,1.797,1.719,1.728
04/11/13,1.810,1.817,1.781,1.792
04/10/13,1.757,1.812,1.743,1.807
04/09/13,1.745,1.763,1.724,1.757
04/08/13,1.714,1.751,1.696,1.747
04/05/13,1.766,1.785,1.681,1.714
04/04/13,1.815,1.825,1.756,1.766
04/03/13,1.860,1.873,1.799,1.815
04/02/13,1.834,1.871,1.821,1.860
04/01/13,1.855,1.890,1.831,1.834
03/28/13,1.851,1.875,1.829,1.855
03/27/13,1.915,1.922,1.834,1.851
03/26/13,1.924,1.947,1.903,1.915
03/25/13,1.931,1.976,1.899,1.924
03/22/13,1.910,1.947,1.896,1.931
03/21/13,1.961,1.967,1.915,1.916
03/20/13,1.908,1.963,1.904,1.961
03/19/13,1.959,1.974,1.894,1.908
03/18/13,1.996,1.996,1.901,1.959
03/15/13,2.034,2.049,1.991,1.996
03/14/13,2.023,2.069,2.020,2.034
03/13/13,2.021,2.055,2.002,2.023
03/12/13,2.064,2.074,2.013,2.021
03/11/13,2.046,2.074,2.036,2.064
03/08/13,2.001,2.089,1.994,2.046
03/07/13,1.937,2.004,1.925,2.003
03/06/13,1.896,1.948,1.894,1.941
03/05/13,1.875,1.912,1.868,1.901
03/04/13,1.846,1.884,1.828,1.881
03/01/13,1.879,1.882,1.843,1.846
02/28/13,1.901,1.905,1.874,1.879
02/27/13,1.883,1.908,1.843,1.904
02/26/13,1.885,1.899,1.838,1.886
02/25/13,1.966,2.003,1.864,1.867
02/22/13,1.985,1.999,1.961,1.966
02/21/13,2.012,2.025,1.960,1.981
02/20/13,2.028,2.056,2.010,2.013
02/19/13,2.003,2.038,1.990,2.032
02/15/13,2.005,2.043,1.982,2.009
02/14/13,2.001,2.001,2.000,2.001
02/13/13,1.957,2.030,1.957,2.023
02/12/13,1.966,1.991,1.952,1.980
02/11/13,1.950,1.985,1.940,1.968
02/08/13,1.965,1.995,1.934,1.950
02/07/13,1.967,1.996,1.933,1.957
02/06/13,2.004,2.017,1.960,1.964
02/05/13,1.964,2.022,1.951,2.003
02/04/13,2.017,2.062,1.953,1.959
02/01/13,1.999,2.038,1.925,2.017
01/31/13,1.995,2.010,1.968,1.990
01/30/13,2.001,2.037,1.983,1.992
01/29/13,1.962,2.008,1.955,2.002
01/28/13,1.956,2.008,1.933,1.962
01/25/13,1.855,1.959,1.849,1.956
01/24/13,1.816,1.876,1.808,1.855
01/23/13,1.847,1.849,1.815,1.829
01/22/13,1.867,1.881,1.829,1.847
01/18/13,1.877,1.898,1.837,1.848
01/17/13,1.823,1.892,1.801,1.883
01/16/13,1.834,1.838,1.801,1.825
01/15/13,1.843,1.852,1.812,1.840
01/14/13,1.871,1.876,1.835,1.851
01/11/13,1.919,1.927,1.862,1.871
01/10/13,1.865,1.909,1.863,1.901
01/09/13,1.873,1.893,1.847,1.863
01/08/13,1.896,1.912,1.862,1.871
01/07/13,1.901,1.918,1.877,1.902
01/04/13,1.917,1.970,1.899,1.901
01/03/13,1.840,1.921,1.821,1.921
01/02/13,1.761,1.867,1.761,1.840
12/31/12,1.701,1.765,1.692,1.761
12/28/12,1.739,1.743,1.694,1.701
12/27/12,1.756,1.785,1.707,1.739
12/26/12,1.777,1.785,1.748,1.756
12/24/12,1.772,1.783,1.764,1.777
12/21/12,1.797,1.800,1.736,1.772
12/20/12,1.792,1.808,1.770,1.802
12/19/12,1.813,1.832,1.775,1.806
12/18/12,1.769,1.845,1.765,1.823
12/17/12,1.708,1.780,1.708,1.777
12/14/12,1.726,1.749,1.697,1.708
12/13/12,1.688,1.745,1.686,1.735
12/12/12,1.616,1.711,1.616,1.704
12/11/12,1.615,1.663,1.607,1.659
12/10/12,1.627,1.629,1.599,1.621
12/07/12,1.588,1.638,1.575,1.627
12/06/12,1.593,1.600,1.565,1.591
12/05/12,1.609,1.621,1.582,1.591
12/04/12,1.626,1.645,1.601,1.610
12/03/12,1.619,1.657,1.611,1.626
11/30/12,1.617,1.632,1.600,1.619
11/29/12,1.634,1.645,1.611,1.619
11/28/12,1.637,1.645,1.605,1.632
11/27/12,1.664,1.679,1.638,1.639
11/26/12,1.694,1.694,1.644,1.667
11/23/12,1.688,1.699,1.672,1.694
11/21/12,1.664,1.695,1.644,1.688
11/20/12,1.605,1.673,1.602,1.671
11/19/12,1.579,1.627,1.579,1.617
11/16/12,1.594,1.598,1.560,1.579
11/15/12,1.588,1.618,1.576,1.595
11/14/12,1.593,1.636,1.583,1.595
11/13/12,1.619,1.619,1.576,1.600
11/09/12,1.623,1.644,1.583,1.611
11/08/12,1.685,1.688,1.618,1.619
11/07/12,1.753,1.754,1.622,1.648
11/06/12,1.693,1.756,1.685,1.754
11/05/12,1.724,1.725,1.675,1.689
11/02/12,1.727,1.783,1.713,1.718
10/29/12,1.744,1.752,1.705,1.719
10/26/12,1.818,1.836,1.744,1.744
10/25/12,1.792,1.857,1.787,1.830
10/24/12,1.764,1.798,1.764,1.792
10/23/12,1.818,1.821,1.755,1.764
10/22/12,1.770,1.822,1.760,1.818
10/19/12,1.836,1.836,1.764,1.770
10/18/12,1.825,1.841,1.788,1.836
10/17/12,1.723,1.828,1.720,1.825
10/16/12,1.662,1.735,1.662,1.723
10/15/12,1.663,1.687,1.649,1.662
10/12/12,1.677,1.697,1.640,1.663
10/11/12,1.678,1.736,1.668,1.677
10/10/12,1.710,1.753,1.676,1.678
10/09/12,1.702,1.732,1.687,1.720
10/05/12,1.678,1.750,1.658,1.750
10/04/12,1.616,1.684,1.614,1.678
10/03/12,1.623,1.645,1.598,1.616
10/02/12,1.628,1.656,1.609,1.623
10/01/12,1.638,1.648,1.611,1.628
09/28/12,1.661,1.661,1.602,1.638
09/27/12,1.625,1.661,1.618,1.661
09/26/12,1.673,1.681,1.611,1.612
09/25/12,1.713,1.735,1.668,1.673
09/24/12,1.756,1.762,1.710,1.713
09/21/12,1.767,1.797,1.750,1.756
09/20/12,1.781,1.783,1.722,1.767
09/19/12,1.812,1.833,1.764,1.781
09/18/12,1.847,1.847,1.785,1.812
09/17/12,1.871,1.890,1.821,1.847
09/14/12,1.726,1.889,1.726,1.871
09/13/12,1.763,1.838,1.714,1.726
09/12/12,1.708,1.774,1.692,1.763
09/11/12,1.658,1.709,1.645,1.708
09/10/12,1.657,1.694,1.636,1.657
09/07/12,1.681,1.738,1.596,1.672
09/06/12,1.595,1.684,1.589,1.681
09/05/12,1.576,1.600,1.552,1.595
09/04/12,1.551,1.596,1.542,1.576
08/31/12,1.628,1.657,1.544,1.554
08/30/12,1.655,1.659,1.611,1.628
08/29/12,1.638,1.676,1.629,1.655
08/28/12,1.656,1.660,1.617,1.639
08/27/12,1.692,1.692,1.644,1.656
08/24/12,1.678,1.692,1.636,1.692
08/23/12,1.694,1.714,1.663,1.678
08/22/12,1.803,1.803,1.692,1.694
08/21/12,1.813,1.864,1.792,1.803
08/20/12,1.819,1.860,1.799,1.813
08/17/12,1.846,1.851,1.797,1.819
08/16/12,1.819,1.862,1.786,1.839
08/15/12,1.742,1.824,1.723,1.819
08/14/12,1.667,1.742,1.656,1.742
08/13/12,1.662,1.672,1.630,1.667
08/10/12,1.692,1.692,1.636,1.662
08/09/12,1.650,1.732,1.650,1.692
08/08/12,1.633,1.658,1.603,1.650
08/07/12,1.570,1.646,1.555,1.632
08/06/12,1.566,1.579,1.532,1.570
08/03/12,1.481,1.593,1.472,1.566
08/02/12,1.529,1.574,1.452,1.481
08/01/12,1.495,1.544,1.470,1.529
07/31/12,1.502,1.558,1.464,1.477
07/30/12,1.550,1.571,1.496,1.498
07/29/12,1.550,1.550,1.550,1.550
07/27/12,1.446,1.574,1.430,1.540
07/26/12,1.405,1.448,1.390,1.436
07/25/12,1.407,1.438,1.379,1.401
07/24/12,1.436,1.459,1.390,1.409
07/23/12,1.462,1.462,1.401,1.437
07/22/12,1.462,1.462,1.462,1.462
07/20/12,1.510,1.510,1.449,1.460
07/19/12,1.501,1.526,1.484,1.510
07/18/12,1.508,1.509,1.474,1.494
07/17/12,1.487,1.513,1.468,1.505
07/16/12,1.491,1.495,1.440,1.464
07/15/12,1.484,1.484,1.484,1.484
07/13/12,1.476,1.513,1.462,1.494
07/12/12,1.522,1.522,1.475,1.483
07/11/12,1.507,1.526,1.462,1.516
07/10/12,1.516,1.537,1.501,1.509
07/09/12,1.556,1.637,1.482,1.512
07/08/12,1.556,1.556,1.556,1.556
07/06/12,1.602,1.603,1.538,1.552
07/05/12,1.621,1.625,1.581,1.598
07/04/12,1.633,1.633,1.619,1.621
07/03/12,1.570,1.633,1.570,1.633
07/02/12,1.654,1.660,1.562,1.595
07/01/12,1.654,1.654,1.654,1.654
06/29/12,1.587,1.679,1.572,1.656
06/28/12,1.627,1.637,1.569,1.585
06/27/12,1.627,1.649,1.615,1.624
06/26/12,1.612,1.649,1.606,1.631
06/25/12,1.678,1.678,1.603,1.610
06/24/12,1.678,1.678,1.678,1.678
06/22/12,1.613,1.681,1.612,1.679
06/21/12,1.654,1.661,1.598,1.618
06/20/12,1.627,1.675,1.602,1.648
06/19/12,1.574,1.642,1.558,1.621
06/18/12,1.583,1.653,1.554,1.582
06/17/12,1.583,1.583,1.583,1.583
06/15/12,1.646,1.647,1.568,1.583
06/14/12,1.597,1.650,1.589,1.631
06/13/12,1.669,1.698,1.591,1.605
06/12/12,1.584,1.649,1.580,1.630
06/11/12,1.707,1.726,1.593,1.610
06/10/12,1.635,1.635,1.635,1.635
06/08/12,1.637,1.639,1.554,1.603
06/07/12,1.660,1.681,1.624,1.641
06/06/12,1.577,1.642,1.562,1.634
06/05/12,1.517,1.576,1.510,1.537
06/04/12,1.449,1.531,1.442,1.507
06/03/12,1.457,1.457,1.457,1.457
06/01/12,1.565,1.577,1.442,1.476
05/31/12,1.619,1.653,1.535,1.554
05/30/12,1.742,1.743,1.626,1.634
05/29/12,1.746,1.763,1.706,1.715
05/28/12,1.773,1.789,1.739,1.744
05/25/12,1.773,1.789,1.739,1.753
05/24/12,1.739,1.784,1.712,1.772
05/23/12,1.774,1.777,1.712,1.718
05/22/12,1.750,1.805,1.743,1.796
05/21/12,1.724,1.770,1.718,1.727
05/18/12,1.703,1.746,1.694,1.712
05/17/12,1.771,1.800,1.724,1.732
05/16/12,1.771,1.816,1.748,1.788
05/15/12,1.773,1.808,1.755,1.784
05/14/12,1.826,1.844,1.768,1.778
05/11/12,1.858,1.874,1.841,1.862
05/10/12,1.857,1.913,1.846,1.901
05/09/12,1.845,1.850,1.798,1.824
05/08/12,1.873,1.887,1.818,1.835
05/07/12,1.845,1.881,1.828,1.879
05/04/12,1.933,1.957,1.875,1.885
05/03/12,1.929,1.958,1.920,1.925
05/02/12,1.950,1.968,1.903,1.925
05/01/12,1.920,1.960,1.903,1.956
04/30/12,1.940,1.947,1.909,1.920
04/27/12,1.919,1.961,1.887,1.952
04/26/12,1.980,1.997,1.933,1.947
04/25/12,1.979,2.013,1.958,1.985
04/24/12,1.937,1.968,1.914,1.958
04/23/12,1.961,1.969,1.911,1.930
04/20/12,1.973,1.998,1.956,1.988
04/19/12,1.982,2.001,1.948,1.975
04/18/12,2.004,2.015,1.973,1.984
04/17/12,1.980,2.015,1.961,2.001
04/16/12,1.990,2.002,1.948,1.957
04/13/12,2.046,2.053,1.978,1.992
04/12/12,2.033,2.061,2.013,2.056
04/11/12,1.987,2.045,1.984,2.028
04/10/12,2.046,2.069,1.984,1.993
04/09/12,2.060,2.066,2.019,2.023
04/06/12,2.195,2.206,2.043,2.057
04/05/12,2.234,2.242,2.139,2.189
04/04/12,2.302,2.308,2.231,2.249
04/03/12,2.189,2.204,2.150,2.157
04/02/12,2.231,2.252,2.160,2.180
03/30/12,2.160,2.177,2.147,2.155
03/29/12,2.207,2.214,2.148,2.165
03/28/12,2.192,2.221,2.159,2.175
03/27/12,2.260,2.264,2.196,2.215
03/26/12,2.249,2.292,2.237,2.278
03/23/12,2.285,2.300,2.213,2.248
03/22/12,2.302,2.316,2.247,2.266
03/21/12,2.354,2.383,2.300,2.305
03/20/12,2.360,2.381,2.329,2.355
03/19/12,2.296,2.346,2.260,2.313
03/16/12,2.285,2.357,2.269,2.317
03/15/12,2.272,2.341,2.252,2.272
03/14/12,2.135,2.257,2.118,2.237
03/13/12,2.032,2.091,2.026,2.080
03/12/12,2.024,2.027,1.989,2.011
03/09/12,2.017,2.062,2.002,2.051
03/08/12,1.975,2.012,1.967,1.999
03/07/12,1.949,1.980,1.944,1.963
03/06/12,2.017,2.017,1.935,1.946
03/05/12,1.983,1.999,1.963,1.996
03/02/12,2.032,2.039,1.977,1.990
03/01/12,1.979,2.054,1.975,2.041
02/29/12,1.946,2.017,1.916,1.963
02/28/12,1.931,1.944,1.892,1.915
02/27/12,1.974,1.979,1.916,1.928
02/24/12,2.006,2.012,1.976,1.982
02/23/12,2.015,2.047,2.005,2.031
02/22/12,2.061,2.069,2.027,2.034
02/21/12,2.031,2.053,2.013,2.051
02/20/12,1.986,2.042,1.980,2.002
02/17/12,1.986,2.042,1.980,2.021
02/16/12,1.919,1.969,1.905,1.969
02/15/12,1.942,1.964,1.920,1.932
02/14/12,1.974,1.988,1.930,1.938
02/13/12,2.000,2.027,1.958,1.964
02/10/12,2.026,2.035,1.964,1.989
02/09/12,2.006,2.058,1.992,2.047
02/08/12,1.966,2.006,1.958,1.988
02/07/12,1.915,1.973,1.897,1.970
02/06/12,1.929,1.950,1.895,1.926
02/03/12,1.822,1.951,1.808,1.931
02/02/12,1.842,1.852,1.811,1.836
02/01/12,1.799,1.858,1.795,1.835
01/31/12,1.854,1.881,1.828,1.837
01/30/12,1.883,1.895,1.826,1.846
01/27/12,1.951,1.974,1.921,1.934
01/26/12,1.990,1.984,1.937,1.954
01/25/12,2.066,2.083,2.034,2.058
01/24/12,2.034,2.078,2.060,2.068
01/23/12,2.002,2.105,2.002,2.074
01/20/12,1.974,2.027,1.955,2.010
01/19/12,1.899,1.976,1.879,1.973
01/18/12,1.857,1.874,1.830,1.868
01/17/12,1.863,1.912,1.849,1.861
01/16/12,1.930,1.943,1.831,1.869
01/13/12,1.930,1.943,1.846,1.857
01/12/12,1.914,1.937,1.893,1.927
01/11/12,1.969,1.978,1.917,1.940
01/10/12,1.971,2.011,1.956,1.980
01/09/12,1.965,1.987,1.934,1.942
01/06/12,1.996,2.039,1.952,1.971
01/05/12,1.979,2.030,1.940,1.973
01/04/12,1.963,1.981,1.932,1.966
01/03/12,1.882,2.015,1.875,1.958
01/02/12,1.913,1.925,1.853,1.883
12/30/11,1.913,1.925,1.853,1.879
12/29/11,1.919,1.945,1.903,1.929
12/28/11,2.006,2.015,1.944,1.952
12/27/11,2.026,2.039,1.998,2.019
12/26/11,1.950,2.044,1.942,2.031
12/23/11,1.950,2.034,1.942,2.034
12/22/11,1.967,1.979,1.916,1.925
12/21/11,1.934,1.961,1.896,1.937
12/20/11,1.823,1.895,1.815,1.895
12/19/11,1.863,1.886,1.829,1.844
12/16/11,1.974,2.177,1.867,1.881
12/15/11,1.909,1.951,1.861,1.909
12/14/11,1.974,1.993,1.927,1.941
12/13/11,2.017,2.067,2.016,2.054
12/12/11,2.066,2.069,1.997,2.017
12/09/11,1.998,2.032,1.961,2.001
12/08/11,2.088,2.095,1.999,2.009
12/07/11,2.088,2.129,2.044,2.064
12/06/11,2.058,2.093,2.037,2.066
12/05/11,2.063,2.114,2.053,2.096
12/02/11,2.094,2.155,2.079,2.111
12/01/11,2.071,2.142,2.049,2.111
11/30/11,2.000,2.111,1.977,2.095
11/29/11,1.965,2.053,1.973,2.044
11/28/11,1.965,2.082,1.959,2.039
11/25/11,1.927,1.969,1.905,1.958
11/24/11,1.891,1.891,1.883,1.891
11/23/11,1.927,1.965,1.881,1.941
11/22/11,1.963,1.999,1.944,1.970
11/21/11,1.990,1.997,1.942,1.960
11/18/11,1.959,2.052,1.939,2.029
11/17/11,1.995,2.043,1.960,2.017
11/16/11,2.042,2.061,2.008,2.026
11/15/11,2.055,2.066,1.992,2.017
11/14/11,2.126,2.138,2.053,2.079
11/11/11,2.066,2.063,2.055,2.062
11/10/11,1.997,2.064,1.968,2.043
11/09/11,2.087,2.088,1.926,1.977
11/08/11,2.023,2.063,1.996,2.022
11/07/11,2.077,2.080,1.987,2.015
11/04/11,1.979,2.140,1.978,2.053
11/03/11,1.935,2.086,1.930,2.047
11/02/11,1.979,2.072,1.978,2.025
11/01/11,2.133,2.153,1.954,1.979
10/31/11,2.300,2.313,2.183,2.208
10/28/11,2.398,2.414,2.291,2.301
10/27/11,2.202,2.326,2.181,2.315
10/26/11,2.114,2.183,2.111,2.165
10/25/11,2.226,2.270,2.152,2.175
10/24/11,2.217,2.239,2.174,2.233
10/21/11,2.192,2.255,2.159,2.208
10/20/11,2.170,2.209,2.110,2.122
10/19/11,2.168,2.238,2.148,2.163
10/18/11,2.158,2.184,2.075,2.126
10/17/11,2.249,2.297,2.174,2.202
10/14/11,2.159,2.270,2.153,2.236
10/13/11,2.215,2.223,2.123,2.165
10/12/11,2.147,2.234,2.125,2.216
10/11/11,2.169,2.186,2.110,2.165
10/10/11,1.976,2.119,1.970,2.079
10/07/11,1.976,2.116,1.970,2.111
10/06/11,1.885,1.975,1.865,1.970
10/05/11,1.834,1.904,1.813,1.899
10/04/11,1.767,1.832,1.719,1.813
10/03/11,1.929,1.929,1.832,1.859