Portfolio A,10/1/2011,10/31/2011,11/30/2011,12/30/2011,1/29/2012,2/28/2012,3/29/2012,4/28/2012,5/23/2012,6/22/2012,7/22/2012,8/21/2012,9/20/2012,10/20/2012,11/19/2012,12/19/2012,1/18/2013,2/15/2013,3/17/2013,4/16/2013,5/16/2013,6/15/2013,7/15/2013,8/14/2013,9/13/2013,10/13/2013,11/12/2013,12/12/2013,1/11/2014,2/10/2014,3/12/2014,4/11/2014,5/11/2014,6/10/2014,7/10/2014,8/9/2014,9/8/2014,10/8/2014,11/7/2014,12/7/2014,1/6/2015,2/5/2015,3/7/2015,4/6/2015,5/6/2015,6/5/2015,7/5/2015,8/4/2015,9/3/2015,10/3/2015,11/2/2015,12/2/2015,12/30/2015,1/29/2016,2/28/2016,3/29/2016,4/28/2016,5/25/2016,6/24/2016,7/24/2016,8/23/2016,9/22/2016,10/22/2016,11/21/2016,12/21/2016,1/20/2017,2/17/2017,3/19/2017,4/18/2017,5/18/2017,6/17/2017,7/17/2017,8/16/2017,9/15/2017,10/15/2017,11/14/2017,12/14/2017,1/13/2018,2/12/2018,3/14/2018,4/13/2018,5/13/2018,6/12/2018,7/12/2018,8/11/2018,9/10/2018,10/10/2018,11/9/2018,12/9/2018,1/8/2019,2/7/2019,3/9/2019,4/8/2019,5/8/2019,6/7/2019,7/7/2019,8/6/2019,9/5/2019,10/5/2019,11/4/2019,12/4/2019,1/3/2020,2/2/2020,3/3/2020,4/2/2020,5/2/2020,6/1/2020,7/1/2020,7/31/2020,8/30/2020,9/29/2020,10/29/2020,11/28/2020,12/28/2020,1/27/2021,2/26/2021,3/28/2021,4/27/2021,5/27/2021,6/26/2021,7/26/2021,8/25/2021,9/24/2021
ALGN,-0.2435013,0.6150070,0.0638298,-0.0314286,0.0695322,0.0535855,0.0190726,0.1636697,0.1381195,0.0502722,0.0259146,0.0124814,0.0719108,-0.2445235,-0.0318956,0.0344440,-0.0358306,0.2588462,-0.0109991,-0.0176089,0.1588050,-0.0265943,0.0788960,0.1467700,0.0547544,-0.0715659,0.3460653,-0.0748718,0.0844420,-0.0630431,-0.0121840,-0.0907585,0.0386718,0.0228070,0.0379264,-0.0034888,0.0241386,-0.1401583,0.0962544,0.0849399,0.0107319,-0.0426458,0.0270909,-0.0605417,0.1100433,0.0679002,-0.0065172,-0.0169600,-0.1027018,0.0605841,0.1351120,0.0235046,-0.0095895,0.0006051,-0.0016631,0.0975314,0.0169725,0.0635433,0.0000000,0.0654430,0.1121540,0.0220062,-0.0670011,0.0775263,0.0263048,-0.0710161,0.0778437,0.1126069,0.0272896,0.1837173,0.0872249,0.0434870,0.1424365,0.0338451,0.0480759,0.3136474,-0.0796000,0.1286570,-0.1165302,0.1687899,-0.0394891,0.0943757,0.2368201,0.0241920,-0.0014883,0.0345037,-0.1567586,-0.2533620,-0.0817935,-0.1094341,0.2409951,0.0163291,0.2027860,0.1030371,-0.0471087,-0.1151271,-0.3078166,-0.0601252,0.0417819,0.4024714,0.0731924,0.0098304,-0.0977749,-0.1124812,-0.3228090,0.3818636,0.1923004,0.0929555,0.0729623,0.0107549,0.0780861,0.3635569,0.1024349,0.0822165,-0.0215413,0.1127659,-0.0901236,0.2049612,-0.0353673,0.0362639,0.0226220,0.1279461,0.0116334
CRL,-0.1511205,0.1516233,-0.1217472,-0.0359788,0.2235638,0.0696770,0.0022365,-0.0089261,-0.0692090,-0.0012140,0.0179277,0.0970149,0.0424490,0.0234926,0.0181076,-0.0631263,0.1334225,-0.0236486,0.0919427,-0.0375736,0.0613829,-0.0425438,0.0270771,0.0745831,-0.0090166,-0.0205248,0.1013178,0.0270694,0.1075248,0.0086222,0.0314584,-0.0658047,-0.0431157,0.0144632,-0.0217511,0.0603513,0.0644934,-0.0137394,0.0634441,0.0071023,0.0131641,0.0875483,0.1115062,0.0066539,-0.1065209,0.0413999,-0.0419399,0.0879795,-0.1141547,-0.0544459,0.0779221,0.1097402,0.0518480,-0.0783462,-0.0107773,0.0366335,0.0513663,0.0453043,-0.0588029,0.0746733,-0.0324262,-0.0070616,-0.0016876,-0.1253320,0.0298178,0.0705094,0.1059735,0.0077966,-0.0168180,0.0195005,0.0934004,0.0301790,-0.0131082,0.0668142,0.0759291,-0.1152801,0.0392390,0.0083905,-0.0356467,0.1051083,-0.0590897,0.0118812,0.0806076,0.0086237,0.0253933,0.0564496,-0.0287293,0.1088087,-0.0640528,-0.0793203,0.0663378,0.1193970,0.0317777,-0.0589048,-0.0587027,0.0939351,-0.0610703,0.0130540,-0.0119868,-0.0001517,0.1026088,0.0502786,0.0170269,0.0399871,-0.2472293,0.1379339,0.2997470,-0.0236904,0.1334586,0.1003065,0.0181777,0.0269591,0.0243732,0.0539400,0.0230611,0.1315696,-0.0111484,0.1817282,-0.0064898,0.1019266,0.0743321,0.1007450,0.0586985
INTU,-0.0564018,0.1708115,-0.0080119,-0.0122089,0.0754896,0.0215700,0.0354794,-0.0310881,-0.0049339,0.0210731,-0.0098855,0.0325801,-0.0022053,0.0190411,-0.0165165,0.0539440,0.0249477,-0.0139793,0.0538102,-0.0181929,-0.0680473,-0.0304094,0.1171808,-0.0009255,0.0182183,0.0224412,0.0738544,0.0251346,0.0105079,-0.0474603,0.1326802,-0.1039170,0.0495036,0.0400736,0.0159171,0.0171599,0.0288509,-0.0042776,0.0597852,0.0512330,-0.0567695,0.0414490,0.0647694,0.0020481,0.0172713,0.0608800,-0.0348485,0.0360086,-0.1851501,0.0612506,0.0679006,0.0204082,-0.0191617,-0.0281848,0.0118312,0.0613618,-0.0116993,0.0259867,0.0029518,0.0818380,-0.0009653,-0.0270555,-0.0102022,0.0550944,0.0174635,-0.0050132,0.0351498,0.0295345,-0.0328201,0.0485966,0.1246504,-0.0545648,0.0364470,0.0305249,0.0183635,0.0723366,0.0063140,0.0390550,-0.0179309,0.1123729,-0.0298945,0.1197744,0.0773664,0.0300255,-0.0194179,0.0722909,-0.0902456,0.0867247,-0.0692263,-0.0146525,0.0844621,0.1338191,0.0407919,-0.0638135,0.0546862,0.0530547,-0.0038358,0.0822689,-0.0874072,-0.0476083,0.0007479,0.0398427,0.0696724,-0.0514851,-0.1603788,0.1889708,0.0827918,0.0435592,0.0125256,0.1273623,-0.0629723,0.0060870,0.0811093,0.0826658,-0.0472555,0.0744403,-0.0397806,0.1107789,0.0384264,0.1270047,0.0869012,0.0496873,0.0401541
ABBV,#N/A,#N/A,#N/A,#N/A,#N/A,#N/A,#N/A,#N/A,#N/A,#N/A,#N/A,#N/A,#N/A,#N/A,#N/A,#N/A,0.0896350,0.0574001,0.0154337,0.1124214,0.0885748,-0.0692491,0.0374332,-0.0008965,0.0069538,0.0320784,0.0248219,0.1034120,-0.0488643,-0.0056191,0.0421796,-0.1003098,0.1272062,0.0305518,0.0337224,-0.0444524,0.0423935,0.0498470,0.0541652,0.1287805,-0.0733218,-0.0985543,-0.0422487,0.0372704,0.1098768,0.0541132,0.0121662,0.0253591,-0.1196569,-0.0795713,0.1182075,-0.0893026,0.0283749,-0.0819398,-0.0052823,0.0446805,0.0727432,0.0041004,-0.0222150,0.0745072,0.0287624,-0.0164727,-0.0608482,-0.0114529,0.0170473,-0.0048820,0.0017840,0.0652420,-0.0326748,0.0311076,0.0870029,0.0190636,-0.0313618,0.2406987,0.0420053,0.0407513,0.0163588,0.0642783,0.0921065,0.0626284,-0.2279300,0.1531090,-0.0659175,-0.0333637,0.0122372,-0.0305848,-0.0078874,-0.0460894,-0.0132898,0.0362972,-0.1279877,-0.0137678,0.0755635,-0.0713265,-0.0071804,-0.0802015,-0.0905644,0.0348927,0.1089065,0.1165075,0.0507290,0.0172018,-0.0721533,0.0640340,-0.1420578,0.0895781,0.1079892,0.0930540,-0.0426669,0.0090612,-0.0927221,-0.0715848,0.2963927,-0.0108051,-0.0063799,0.0481564,-0.0093744,0.0441300,0.0078966,0.0060541,0.0423894,0.0221581,-0.1107143
TDY,-0.1393091,0.1818182,0.0405728,-0.0322865,0.0107566,0.0891053,0.0412388,0.0278352,-0.0261746,0.0181970,0.0165601,0.0440323,-0.0037077,-0.0162816,-0.0186003,0.0444908,0.0456712,0.0445135,0.0942942,0.0001294,-0.0064683,-0.0096354,0.0564028,0.0099564,0.0198398,0.0587240,0.0058206,0.0095314,0.0341688,-0.0160852,0.0969844,-0.0691773,0.0602553,0.0232629,-0.0563366,-0.0135249,0.0599829,-0.0475950,0.1119363,0.0059160,-0.0701954,0.0040808,0.0278399,0.0674180,-0.0563067,0.0110893,0.0457148,-0.0449230,-0.0689018,-0.0622065,-0.0006678,0.0296247,-0.0354556,-0.0894318,0.0483692,0.0395633,0.0639187,0.0514192,-0.0109023,0.0972076,0.0309032,0.0260789,-0.0377171,0.1439985,0.0152822,-0.0041272,0.0909535,-0.0313480,-0.0378333,0.0094498,0.0520428,0.0231506,0.0855690,0.0535678,0.0436268,0.1049089,0.0111210,0.0671530,-0.0667599,0.0521117,0.0204663,0.0168510,0.0619154,-0.0188128,0.1270430,0.0512099,-0.0718992,0.0023960,-0.0977337,0.0402276,0.0711187,0.0006164,0.0894570,0.0092088,0.0067635,0.0910717,0.0530113,0.0932807,0.0043041,0.0593055,0.0220728,0.0479364,0.0258020,-0.0430768,-0.1724811,0.0871200,0.1484196,-0.1669223,0.0082514,0.0225302,-0.0053251,-0.0082708,0.2216835,0.0234429,0.0021200,-0.0428770,0.0946631,0.0905890,-0.0577318,0.0099200,0.0557796,0.0293040,-0.0535773
WRB,-0.0605017,0.2151832,-0.0202499,0.0083553,0.0043611,0.0382110,0.0129653,0.0367465,0.0235529,-0.0331513,0.0153288,-0.0055622,0.0007990,0.0331337,0.0096600,-0.0034443,0.0284178,0.0492238,0.0328401,0.0478686,-0.0583528,-0.0173513,0.0590991,-0.0415107,-0.0170394,0.0548935,-0.0089011,-0.0227979,-0.0219159,-0.0498735,0.0330924,-0.0033137,0.0993720,0.0134409,0.0205570,-0.0116959,0.0581854,0.0093197,0.0535549,0.0508326,-0.0720044,-0.0173757,0.0204268,0.0080669,-0.0257854,0.0039550,0.1136364,0.0185034,-0.0403420,0.0064031,0.0307054,0.0131508,0.0026947,-0.1015856,0.0269219,0.0707836,0.0155060,0.0118184,-0.0111495,0.0464430,-0.0038481,0.0054082,-0.0440574,0.0852090,0.0982716,0.0013489,0.0504690,0.0227466,-0.0473914,-0.0270565,0.0448531,-0.0085855,-0.0153713,-0.0397977,0.0412182,-0.0061579,0.0362912,-0.0117446,-0.0200951,0.0485116,0.0243954,0.0416752,0.0116279,-0.0467563,0.0351523,0.0300099,-0.0153345,0.0175200,-0.0407500,-0.0426805,0.1227083,0.0270922,0.0308943,0.0625657,0.0606960,0.0469600,0.0347542,0.0324386,0.0031976,-0.0582040,0.0039729,0.0120182,0.0773353,-0.0864363,-0.2542672,0.0138122,0.1280654,-0.0160455,0.0827635,0.0048583,-0.0174053,0.0011481,0.0670052,0.0147398,-0.0673324,0.1247567,0.0946199,0.0616682,-0.0393447,-0.0417313,0.0051234,0.0219987,-0.0378002
PEG,-0.0349254,0.0423755,-0.0225519,0.0021251,-0.0848228,0.0145647,-0.0130506,0.0297521,0.0191104,0.0232784,0.0312796,-0.0064338,-0.0212766,0.0217391,-0.0817145,0.0322364,-0.0296031,0.0439893,0.0652943,0.0579710,-0.0111301,-0.0481962,0.0281989,-0.0188735,-0.0282537,0.0436127,-0.0163011,-0.0322386,-0.0171233,0.0741210,0.0554409,0.0843811,-0.0193249,0.0005255,0.0236345,-0.0885069,0.0427807,0.0345479,0.0722672,0.0019465,-0.0060709,0.0471537,-0.0709286,0.0647916,-0.0155660,-0.0318639,-0.0019797,0.0076866,-0.0314961,0.0856199,-0.0493798,-0.0531758,-0.0028133,0.0592460,0.0329298,0.0918894,-0.0064405,-0.0320513,0.0068509,0.0519392,-0.0554118,-0.0031956,-0.0643462,0.0034263,0.0631707,0.0034412,-0.0156179,0.0147160,0.0274190,-0.0341861,0.0107330,-0.0232716,0.0788804,-0.0175815,0.0606722,0.0641975,0.0042537,-0.0460146,-0.0389506,0.0174297,0.0295150,0.0202486,0.0204362,0.0077027,-0.0116568,0.0160480,0.0376784,-0.0135705,0.0297453,-0.0669796,0.0775929,0.0535105,0.0098858,-0.0249789,0.0387745,-0.0053324,-0.0489194,0.0722212,0.0211927,0.0048263,-0.0565162,-0.0039029,0.0107325,-0.1058486,-0.1464656,0.0852473,0.0626781,-0.0472999,0.1244221,-0.0661423,0.0490046,0.0897810,-0.0241125,-0.0164722,-0.0167481,-0.0448900,0.1185213,0.0313901,-0.0011272,-0.0288570,0.0217463,0.0415922,-0.0531898
CMA,-0.0928046,0.1514196,-0.0129159,0.0229976,0.0786822,0.0582106,0.0977929,-0.0095886,-0.0557147,0.0209036,-0.0056143,0.0288941,0.0225952,-0.0666035,-0.0307744,0.0523378,0.1160477,0.0538578,0.0384726,-0.0384296,0.1357102,-0.0483544,0.1056132,0.0153994,-0.0400474,0.0069119,0.0943859,0.0194892,0.0375742,-0.0283778,0.0736704,-0.0205035,0.0018653,0.0450972,-0.0063341,-0.0332669,0.0333814,-0.0167498,-0.0184547,-0.0231405,-0.0841794,0.0330254,0.0503018,-0.0304385,0.0555434,0.0590682,0.0023566,-0.0719044,-0.0964746,-0.0105140,0.0595041,0.0218409,-0.0942826,-0.1829443,-0.0151603,0.1252220,0.1820574,0.0714286,-0.1448718,0.1311844,0.0128120,0.0194111,0.1063329,0.1783021,0.1349089,-0.0316703,0.0791828,-0.0237668,-0.0416136,-0.0011815,0.1033565,-0.0013401,-0.0383790,-0.0358638,0.0904617,0.0447306,0.0640325,0.1198806,-0.0052244,0.0473741,-0.0168850,0.0202977,-0.0229545,-0.0551321,0.0637640,0.0090380,-0.0819520,-0.0502411,-0.1477152,0.0019396,0.1538993,-0.0115039,-0.0516426,-0.0301675,-0.0755239,0.0248075,-0.0939065,-0.0422232,0.0264508,0.0946431,0.0004280,0.0077011,-0.1225587,-0.1774194,-0.4550980,0.1568910,0.1688958,-0.0436402,0.0717863,0.0262201,-0.0455350,0.1648556,0.1194539,0.1422764,0.0106762,0.1989437,0.0076358,0.0454678,0.0971564,-0.0885529,-0.0556175,0.1102583,0.0428078
AAL,#N/A,#N/A,#N/A,#N/A,#N/A,#N/A,#N/A,#N/A,#N/A,#N/A,#N/A,#N/A,#N/A,#N/A,#N/A,#N/A,#N/A,#N/A,#N/A,#N/A,#N/A,#N/A,#N/A,#N/A,#N/A,#N/A,#N/A,#N/A,0.1257367,0.2418848,0.0556492,-0.1033014,0.1695368,0.1084031,-0.0192396,-0.1132648,0.0068475,-0.1368036,0.3090909,0.1763889,0.0436836,-0.0797511,-0.0182340,0.0033389,-0.0214226,-0.1132837,-0.0476989,0.0757614,-0.0432850,-0.0171191,0.1562578,-0.0570260,0.0373243,-0.0890187,0.0515517,0.0085366,-0.1301088,-0.1305405,-0.1591545,0.3234750,0.0167598,-0.0315934,0.1299291,0.1569169,0.0735677,-0.0297150,-0.0153233,-0.1110637,0.0505995,0.0191737,0.1122060,0.0847765,-0.1013551,-0.0497831,0.1363043,-0.1235891,0.0960489,0.1547500,-0.1360814,0.1036135,-0.1702243,-0.0743405,0.0223740,-0.1630961,0.0126617,0.0717586,-0.1983261,0.1458399,-0.0657096,-0.0419622,0.1156693,-0.1139066,0.0570983,-0.0038371,-0.0838519,0.0604787,-0.1351022,-0.0236248,-0.0671723,0.1982191,-0.1153473,0.0098612,-0.0177215,-0.3427835,-0.4364146,-0.0238569,0.1313646,0.1530153,-0.1319282,0.1735612,-0.0613027,-0.0889796,0.2661290,0.1365888,0.0311333,0.2644928,0.0940783,-0.0501964,0.1227022,-0.1244372,0.0322581,-0.0874094,0.0615385
POOL,-0.0227273,0.1716119,0.0438056,-0.0131148,0.1265781,0.0949572,0.0166981,-0.0222517,-0.0021900,0.0603567,-0.0476067,0.0328715,0.0804840,0.0265336,-0.0396016,0.0170370,0.0883710,0.0488189,-0.0034320,0.0133448,0.1155480,0.0158035,0.0221181,-0.0099028,0.0218559,-0.0019938,-0.0156193,0.0315498,-0.0019674,-0.0284946,0.0950009,-0.0407682,0.0474183,-0.0134138,-0.0440177,0.0001778,-0.0179524,-0.0027149,0.0862069,0.0193818,0.0227832,0.0403846,0.0489834,-0.0042584,-0.0389323,0.0500230,0.0241122,0.0098459,-0.0163911,0.0716851,0.0974531,0.0083059,-0.0042662,0.0343983,-0.0500592,0.0958017,0.0077308,0.0152108,-0.0161948,0.1309071,0.0041588,-0.0638004,-0.0088477,0.0719447,0.0461981,-0.0056856,0.1081441,0.0340451,-0.0218942,0.0000000,0.0440054,-0.0409323,-0.0814633,-0.0320826,0.0756263,0.0572036,0.0697713,0.0080645,0.0086990,0.1101101,0.0090865,0.0239896,0.0088608,0.0395236,0.0200986,0.0718454,-0.1295516,-0.0049768,0.0181142,-0.0053110,0.0445839,0.0131621,0.0715772,0.0773305,0.0350705,0.0120329,-0.0016688,0.0599666,-0.0062586,0.0109100,0.0121168,0.0422644,0.0273438,-0.0252127,-0.1032273,0.1123136,0.2464969,0.0192336,0.1604558,0.0351752,0.0021352,0.0977050,-0.0402895,0.0481061,-0.0223288,-0.0560819,0.0260179,0.2276988,0.0231924,0.0581037,0.0228238,0.0386757,-0.0402664
BF.B,-0.0487805,0.1109253,0.0677371,0.0089286,0.0023288,0.0092937,0.0161142,0.0434980,0.0322004,0.0719237,0.0060631,-0.0088389,0.0486421,0.0027058,0.0304549,-0.0542462,0.0225475,0.0259434,0.0429119,0.0543718,0.0139373,-0.0298969,0.0233794,-0.0148840,-0.0158117,0.0053552,0.0490057,-0.0054164,0.0650102,0.0041547,0.1145767,-0.0014278,0.0360309,0.0342258,0.0013344,-0.0186567,-0.0149375,-0.0168183,0.0499159,-0.0277778,-0.0406593,0.0343643,-0.0157807,0.0376934,-0.0170778,0.0728075,0.0280206,0.0952738,-0.1102740,0.0574801,0.0373696,-0.0453801,-0.0109703,-0.0352477,0.0063873,0.0000000,-0.0312262,0.0265816,-0.0274469,0.0508520,0.0197618,-0.0546584,-0.0459921,0.0280992,-0.0281350,-0.0068927,0.0764936,-0.0287863,-0.0114820,0.1361426,-0.0580124,-0.0381121,0.0522173,0.0755611,0.0280547,0.0667569,0.1135307,0.0085438,-0.0024473,0.0260426,0.0194960,0.0339167,-0.0792183,-0.0375213,0.0480410,-0.0473417,-0.0680339,0.0351248,-0.0517171,0.0129338,0.0238349,0.0448971,0.0547046,-0.0033949,0.0692657,-0.0014159,-0.0395250,0.1240081,0.0256116,0.0475428,0.0366748,-0.0073703,0.0207900,-0.0717195,-0.1437079,0.1352489,0.0562631,-0.0152625,0.0747055,0.0552351,0.0281536,-0.0745713,0.1585751,-0.0286387,-0.0638162,-0.0241309,-0.0163453,0.0768357,0.0534160,-0.0572180,-0.0405046,-0.0395848,-0.0108085
CB,-0.0723478,0.2206057,-0.0363132,0.0084855,-0.0162578,0.0452305,0.0138696,0.0392613,-0.0264430,-0.0034468,-0.0330659,0.0606668,0.0295427,0.0598795,-0.0332550,0.0356777,0.0277812,0.0429226,0.0139884,0.0246266,0.0249249,-0.0282271,0.0471456,-0.0340339,0.0124807,0.0308716,0.0202116,0.0327767,-0.0266144,-0.0195006,0.0260970,0.0184596,0.0368543,0.0195202,-0.0068584,-0.0367351,0.0568555,0.0057471,0.0380328,0.0610956,-0.0510291,0.0136225,-0.0023873,-0.0139147,-0.0390077,-0.0209502,-0.0128964,0.0681312,-0.0788258,0.0261631,0.0933576,0.0114842,0.0291685,-0.0434010,0.0217564,0.0336709,-0.0186736,0.0682066,-0.0253991,0.0322737,-0.0200094,0.0165098,-0.0405649,0.0390088,0.0493506,-0.0143264,0.0319770,0.0069755,0.0026251,0.0077091,0.0617061,-0.0106723,0.0170400,-0.0304689,0.0474531,0.0024614,-0.0303272,-0.0030797,-0.0072767,-0.0266233,-0.0480250,0.0078358,-0.0202147,0.0015115,0.0185632,0.0035561,-0.0222944,-0.0095892,-0.0070900,-0.0296376,0.0335496,0.0213597,0.0281088,0.0409740,0.0466452,-0.0000669,0.0178010,0.0561510,-0.0060387,-0.0747839,0.0226103,0.0312459,-0.0163692,-0.0460093,-0.2753455,-0.0622109,0.2035434,0.0510204,0.0125736,-0.0176045,-0.0852800,0.1610110,0.1135970,0.0273963,-0.0446405,0.1204686,-0.0137778,0.0390420,0.0165066,-0.0614113,0.0578169,0.1102653,-0.0531926
HD,-0.0406924,0.1332700,0.0955307,0.0719021,0.0649382,0.0549475,0.0567436,0.0376678,-0.0555773,0.0779113,-0.0203768,0.1051805,0.0525568,0.0465587,0.0207930,-0.0246329,0.0598996,0.0573129,0.0271031,0.0448450,0.0592051,-0.0079479,0.0559496,-0.0368159,-0.0300878,0.0165091,-0.0022266,0.0308480,0.0310709,-0.0563172,0.0543123,-0.0603277,0.0339498,0.0315574,-0.0165965,0.0438287,0.0958012,0.0360053,0.0378361,0.0284690,0.0051777,0.0796434,0.0574365,-0.0026030,-0.0577642,0.0190195,0.0086074,0.0557851,-0.0079129,0.0222985,0.0437081,0.0755566,-0.0039588,-0.0569179,-0.0130407,0.0672736,0.0019627,-0.0180612,-0.0510511,0.0799051,-0.0020513,-0.0548378,-0.0075340,0.0034434,0.0671502,-0.0089893,0.0502350,0.0335664,-0.0002706,0.0537358,0.0199743,-0.0309804,-0.0106570,0.0403941,0.0367424,0.0233833,0.0837201,0.0778565,-0.0624013,-0.0361295,-0.0259850,0.1057870,0.0535378,-0.0166907,-0.0192473,0.0852478,-0.0806398,-0.0398038,-0.0768859,0.0361116,0.0347406,-0.0088553,0.1157093,-0.0411692,0.0109136,0.0791181,-0.0193039,0.0926724,-0.0061801,0.0360766,-0.0886259,0.0225596,0.0575983,-0.0155481,-0.2045714,0.2235398,0.1147223,0.0034777,0.0698771,0.0736374,-0.0453621,-0.0091140,0.0288544,-0.0294149,0.0178273,-0.0573253,0.1697763,0.0608537,-0.0056770,-0.0140854,0.0537737,-0.0220424,0.0420217
HII,-0.2050152,0.2574595,0.0762712,-0.0148031,0.1851023,-0.0420825,0.1264433,-0.0137500,-0.0679362,0.0836554,-0.0170701,0.0414723,0.0375809,-0.0100744,-0.0164769,0.0416359,0.0553453,0.0504980,0.1828004,-0.0398956,0.0712621,0.0206634,0.0809803,0.0501068,0.0614831,0.0508475,0.0834502,0.0387055,0.1592722,-0.0170931,0.1359510,-0.0547853,0.0312723,0.0134334,-0.0992203,0.0390608,0.0766427,-0.0385917,0.0747485,0.0140410,0.0549248,0.0574029,0.1526812,0.0150047,-0.0541095,-0.1051372,-0.0535640,0.0237507,-0.0169038,-0.0499167,0.1180055,0.0836637,-0.0250535,0.0018803,0.0248671,0.0543263,0.0505138,0.0616041,0.0586221,0.0484694,-0.0066465,-0.0798136,0.0126599,0.1296320,0.0490919,0.0587503,0.1098251,-0.0028314,-0.0568833,-0.0449094,-0.0167069,0.0594144,0.0632439,0.0075420,0.1107293,0.0067817,-0.0153665,0.0054301,-0.0009356,0.0876006,0.0045399,-0.1489072,0.0152895,0.0049146,0.0792355,0.0302652,0.0003632,-0.0978581,-0.1077129,-0.0245039,0.0799815,-0.0462329,0.0683722,-0.0341222,0.0545138,0.0487168,-0.0993314,0.0394954,-0.0405620,0.1129166,0.1125197,0.0353635,-0.0081594,-0.2056629,-0.1298651,-0.0036537,0.0863985,-0.1114918,-0.0001151,-0.1277416,-0.0680438,0.0124637,0.1204448,0.0418253,-0.0221104,0.0778799,0.1787846,0.0004340,0.0393830,-0.0206845,-0.0283671,0.0051177,-0.0526137
QRVO,#N/A,#N/A,#N/A,#N/A,#N/A,#N/A,#N/A,#N/A,#N/A,#N/A,#N/A,#N/A,#N/A,#N/A,#N/A,#N/A,#N/A,#N/A,#N/A,#N/A,#N/A,#N/A,#N/A,#N/A,#N/A,#N/A,#N/A,#N/A,#N/A,#N/A,#N/A,#N/A,#N/A,#N/A,#N/A,#N/A,#N/A,#N/A,#N/A,#N/A,#N/A,0.0420597,0.1104021,0.0224509,-0.0973729,0.2119896,-0.0443250,-0.3116640,0.0274246,-0.2085911,0.0111682,0.2918047,-0.1103840,-0.2334495,0.1383838,0.1220053,-0.0939106,0.1243063,0.0846989,0.1033855,-0.0757176,0.0087453,0.0136235,-0.0408448,0.0007279,0.1096563,0.1343586,0.0068534,0.0290027,0.0864251,-0.0409001,-0.0753519,0.0808955,0.0423916,-0.0392105,0.0810699,-0.1680908,0.0623946,0.1424242,0.0385247,-0.1176113,0.1257064,-0.0115097,0.0154837,0.0137838,-0.1098544,-0.0498783,-0.0304453,-0.1266324,-0.0025202,0.1205996,0.0426875,0.0847629,0.0123588,-0.1548963,0.0711401,0.0171114,0.0717137,-0.0160968,0.3724986,0.0248251,0.0798808,-0.0425494,-0.0860915,-0.2201424,0.2280198,0.1108987,0.0351884,0.1837244,0.0009364,0.0194901,-0.0081058,0.2079254,0.0622926,-0.0048065,0.0548780,0.0238082,0.1089496,-0.0667406,0.0118289,0.0249293,-0.0332292,-0.0623316
MO,-0.0195644,0.0372741,0.0413793,0.0334611,-0.0424958,0.0574146,0.0189873,0.0529585,0.0000000,0.0664358,0.0478299,-0.0301493,-0.0235328,-0.0205296,-0.0109356,-0.0052211,0.0271689,0.0488103,-0.0264689,0.0570660,0.0508762,-0.0373857,0.0352054,-0.0537112,-0.0062750,0.0258324,0.0439284,-0.0029483,-0.0029570,-0.0512267,0.0269963,0.0417820,0.0722444,0.0490463,0.0141677,-0.0218859,0.0352297,0.0761095,0.0655983,0.0212553,-0.0382878,0.0957534,0.0029812,-0.0434702,-0.0157312,-0.0487372,0.0344327,0.1012633,-0.0242170,0.0399328,0.0855912,-0.0439669,0.0208333,0.0392857,0.0075274,0.0074712,0.0025794,0.0441032,0.0484981,0.0265592,-0.0340116,-0.0352091,0.0129445,-0.0193995,0.0562098,0.0407314,0.0550896,0.0357681,-0.0428685,-0.0248825,0.1016445,-0.0558487,-0.1079460,-0.0467532,0.0477641,0.0055071,0.0921953,-0.0399777,-0.0517992,-0.0234124,0.0020370,-0.1396403,0.0519811,0.0022460,0.0167213,0.0271278,0.0384615,0.0081068,-0.1586250,-0.0805847,-0.0069303,0.1496305,-0.0130334,-0.0600579,-0.0111624,-0.0447645,-0.0594947,-0.0500433,-0.0383124,0.0813374,0.0989035,-0.0095789,-0.0679025,-0.0942499,-0.1355609,0.0494202,0.0307814,0.0015314,0.0486748,0.0629405,-0.1229995,-0.0388425,0.0802821,0.0414261,0.0081967,0.0425634,0.1995413,-0.0982792,0.0432570,-0.0410569,0.0091140,0.0218442,-0.0039054
SO,0.0216440,0.0283266,0.0164352,0.0542018,-0.0270037,-0.0155417,0.0112765,0.0245317,-0.0006582,0.0219539,0.0232009,-0.0380013,-0.0126582,0.0289567,-0.0812030,0.0128595,0.0039243,0.0279655,0.0272047,0.0622379,-0.0380220,-0.0384449,0.0231357,-0.0425906,-0.0607659,0.0095215,0.0009674,-0.0287509,0.0266169,0.0002423,0.0327035,0.0455079,-0.0293920,0.0080906,0.0236184,-0.0353943,0.0348351,0.0107720,0.0464032,0.0195205,0.0353798,-0.0008040,-0.1146651,0.0206771,-0.0186999,-0.0322142,0.0107829,0.0301484,-0.0414228,0.0615312,0.0006637,-0.0225514,0.0612932,0.0349059,-0.0151267,0.0626816,-0.0244141,-0.0146134,0.0543769,0.0654425,-0.0518885,0.0342294,-0.0491773,-0.0650934,0.0357594,-0.0036556,-0.0366788,0.0539749,-0.0081382,-0.0040024,0.0331525,-0.0851809,0.0414541,0.0336803,0.0098736,0.0228784,-0.0151023,-0.1331522,0.0004478,-0.0141003,-0.0024972,0.0138826,-0.0249158,0.1045120,-0.0329304,-0.0439655,-0.0094680,0.0653163,0.0087588,-0.0283778,0.0714908,0.0455655,0.0021401,0.0133955,0.0480843,0.0292451,0.0111881,0.0449596,0.0406723,-0.0029070,0.0153871,-0.0020737,0.1301151,-0.0961810,-0.1799687,0.0480916,0.0506191,-0.0837088,0.0329109,-0.0444973,0.0291299,0.0839851,0.0281739,0.0023392,-0.0241707,-0.0310899,0.0987306,0.0322529,-0.0104150,-0.0340873,0.0364287,0.0335792,-0.0411416
TFX,-0.0934464,0.1664069,0.0170398,0.0067346,-0.0039158,-0.0212940,0.0269456,0.0213494,-0.0405670,0.0320937,0.0169464,0.0223265,0.1177401,-0.0601727,0.0338958,0.0241877,0.0573339,0.0544087,0.0527681,0.0463054,-0.0513183,-0.0333747,0.0047491,-0.0153296,0.0141412,0.0895484,0.1096630,0.0041265,0.0154900,-0.0387050,0.1098877,-0.0074888,0.0418422,0.0059255,-0.0028050,-0.0136896,0.0433501,0.0018223,0.0359254,0.0353819,-0.0624099,0.0021706,0.0905153,0.0072824,0.0081334,0.0691875,0.0486280,-0.0329263,-0.0291620,-0.0075869,0.0396287,0.0018759,0.0110099,0.0190762,0.0525462,0.1098586,-0.0047316,0.0170940,0.0659819,0.0286131,0.0340619,-0.0276695,-0.0513240,-0.1049875,0.0665647,0.0312364,0.0810600,0.0864321,0.0091579,-0.0190114,0.0512145,0.0373630,0.0179138,0.0951627,0.0161544,0.0732962,-0.0280647,0.0544616,-0.0293995,0.0411050,-0.0307501,0.0301724,0.0738060,-0.0237652,-0.1668824,0.0910268,-0.0189097,0.0720968,-0.0327591,-0.0168371,0.0713890,0.0774853,0.0392970,-0.0231086,0.0301681,0.0899175,0.0900430,-0.0171221,-0.0786580,0.0615029,0.0142554,0.0594157,-0.0025359,-0.0978403,-0.1240248,0.1032171,0.1218614,0.0094396,0.0113030,0.0532029,-0.1461000,-0.0264946,0.1717435,0.0622077,-0.0843910,0.0694963,0.0442078,0.0555422,-0.0822224,0.0090880,-0.0214080,-0.0312052,0.0072934
WDC,-0.1428571,0.0829268,0.0912162,0.0646715,0.1912763,0.0680770,0.0667852,-0.0761723,-0.1767262,-0.1290323,0.0868687,0.3835192,-0.1251679,-0.0970054,-0.0079365,0.1771429,0.0876214,0.0723902,0.0207862,0.0489919,0.1349222,0.0948349,0.0555298,0.0036635,-0.0603008,0.0705407,0.0468795,0.0933038,0.0729140,0.0009455,-0.0062581,0.0481226,-0.0651854,0.1008974,0.0510024,0.0579604,-0.0049534,-0.0475906,0.0213255,0.0752303,0.0141837,-0.0228083,-0.0146960,-0.0915383,0.0180277,0.0000000,-0.1586381,0.0572538,-0.0306908,0.0041565,-0.1740930,-0.0801887,-0.0211505,-0.2146014,-0.0927470,0.1100391,-0.0467715,0.0186894,0.0835787,0.0884197,-0.1069714,0.2058065,-0.0454789,0.1429372,0.1316005,0.0492632,0.0228017,0.0201575,0.0844020,0.0390974,0.0293810,0.0668998,-0.0922068,0.0311008,-0.0190917,0.0547046,-0.0976196,0.0150048,-0.0183596,0.2533398,-0.1285853,-0.0979651,0.0123274,-0.0398198,-0.1855422,-0.1116475,-0.0508326,-0.1554940,-0.0890007,-0.0852136,0.2033587,0.0828609,0.0388643,-0.0947858,-0.2089936,0.3500271,0.0743934,0.1562150,-0.0639225,-0.0522504,-0.1368268,0.3619309,0.0407058,-0.1533314,-0.3254874,0.0330729,0.0859592,-0.0146240,0.0153121,-0.1085847,0.0234253,-0.0307731,0.1776437,0.1154189,0.0625250,0.2884001,-0.0464030,0.1086458,0.0470669,-0.0773794,-0.0817260,0.0191380,-0.1154198
XEL,-0.0065413,0.0637860,0.0170213,0.0513503,-0.0394356,-0.0052731,-0.0011359,0.0257771,0.0490566,0.0025180,0.0376749,-0.0224758,-0.0297135,0.0207802,-0.0664286,0.0470543,-0.0131531,0.0445931,0.0281039,0.0553633,-0.0118033,-0.0218978,0.0128901,-0.0354990,-0.0402778,0.0144718,0.0117689,-0.0207966,0.0093593,0.0253210,0.0406957,0.0223930,-0.0039229,0.0091894,0.0341463,-0.0424528,0.0568144,-0.0167806,0.0619469,0.0383929,0.0289481,0.0462396,-0.0926518,0.0284624,-0.0439372,-0.0346165,0.0182380,0.0367335,-0.0251830,0.0666867,0.0095748,-0.0175732,0.0207515,0.0500000,0.0345369,0.0536166,-0.0412866,0.0311622,0.0725786,0.0217090,-0.0463382,0.0168286,-0.0629371,-0.0213930,0.0399085,0.0039110,0.0162110,0.0378571,0.0346410,0.0119734,0.0427257,-0.0308888,0.0611448,0.0028606,-0.0120212,0.0682615,-0.0272201,-0.1012106,-0.0337823,-0.0050274,0.0215893,0.0119155,-0.0539880,0.0883044,0.0256798,0.0311382,-0.0034687,0.0307125,0.0619785,-0.0862327,0.0876151,0.0549595,-0.0132025,0.0103056,0.0635290,0.0238937,-0.0069022,0.0781069,-0.0133538,-0.0409147,0.0058394,0.0108047,0.1080089,-0.0538517,-0.0805053,0.0326051,0.0538548,-0.0237262,0.0755569,0.0062283,-0.0118037,0.0304443,-0.0477806,-0.0302850,-0.0229639,-0.0819492,0.1435399,0.0447761,0.0038571,-0.0456809,0.0186400,0.0000000,-0.0730493
ALLE,#N/A,#N/A,#N/A,#N/A,#N/A,#N/A,#N/A,#N/A,#N/A,#N/A,#N/A,#N/A,#N/A,#N/A,#N/A,#N/A,#N/A,#N/A,#N/A,#N/A,#N/A,#N/A,#N/A,#N/A,#N/A,#N/A,#N/A,#N/A,0.0947172,0.0595238,0.0890851,-0.0786662,0.0093981,0.1238114,-0.0199189,-0.0942446,0.0369341,-0.0953658,0.1210838,0.0368202,-0.0010927,0.0391978,0.0173684,0.0631143,-0.0060016,0.0101175,-0.0378029,0.0515447,-0.0453457,-0.0130457,0.1311642,0.0083895,-0.0089272,-0.0908272,0.0402906,0.0101587,0.0251414,0.0502318,-0.0328182,0.0935788,0.0043133,-0.0433638,-0.0186821,0.0025089,-0.0350361,-0.0059497,0.1021360,0.0267504,0.0094377,0.0181722,0.0627263,-0.0163077,-0.0190523,0.0438895,0.0648786,-0.0594509,-0.0147165,0.0292605,-0.0513857,0.0703448,-0.0093721,-0.0911779,0.0692258,-0.0376050,0.0335104,0.0987398,-0.0583519,0.0571192,-0.0241638,-0.0663762,0.1141945,-0.0238043,0.0657033,0.0552966,0.0453724,0.0560784,-0.0922895,-0.0121206,0.0401541,0.1515890,0.0309828,0.0168323,0.0673450,-0.0971403,-0.2926094,0.1224828,0.0621570,0.0123199,-0.0238492,0.0395134,-0.0408163,-0.0106887,0.1623688,0.0042090,-0.0206951,-0.0300490,0.1608752,0.0900380,0.0183799,-0.0060636,-0.0091868,0.0223832,-0.0269236
CTLT,#N/A,#N/A,#N/A,#N/A,#N/A,#N/A,#N/A,#N/A,#N/A,#N/A,#N/A,#N/A,#N/A,#N/A,#N/A,#N/A,#N/A,#N/A,#N/A,#N/A,#N/A,#N/A,#N/A,#N/A,#N/A,#N/A,#N/A,#N/A,#N/A,#N/A,#N/A,#N/A,#N/A,#N/A,#N/A,#N/A,0.0975610,0.1324444,-0.0294349,0.1690255,-0.0816327,0.0354049,0.0847581,0.0241449,-0.0569745,0.0281250,-0.0138467,0.1595890,-0.1580035,-0.1213609,0.0986028,0.0021802,-0.0915619,-0.0699605,0.0314492,0.1215492,0.0925790,-0.0132428,-0.2157605,0.0741553,0.0428922,0.0430866,-0.0893729,0.0317526,0.0543565,-0.0064443,0.1176923,-0.0209911,-0.0231986,0.2004318,0.1229017,-0.0419114,-0.0164391,0.1186969,0.0630539,-0.1121963,0.0748591,0.0644034,-0.0473734,0.0477597,-0.0547462,-0.0139200,0.0136123,0.0783387,-0.0714945,0.0218579,0.0410792,-0.1242120,-0.0482538,-0.0815126,0.2052455,0.0581984,-0.0406504,0.1226321,0.0692718,0.1326827,0.0130156,-0.0454216,-0.0779147,0.0324836,0.0310633,0.0811124,0.1012862,-0.1489051,-0.0482180,0.3327994,0.1514423,-0.0426670,0.1904048,0.0590795,-0.0790270,0.0493016,0.0755118,0.0701061,0.0648328,0.0379735,-0.1018380,0.1037893,-0.0676838,0.0429115,0.0309278,0.1429204,0.0943864
AMAT,-0.1094033,0.2507614,-0.1250000,-0.0064935,0.1260504,0.0414594,-0.0063694,-0.0392628,-0.0785838,0.0534208,-0.0667260,0.1229743,-0.0288625,-0.0506993,-0.0460405,0.0945946,0.1155203,0.1517184,-0.0502183,0.0314176,0.0891530,0.0763984,0.0437262,-0.0449302,0.0114431,0.1376493,-0.0254144,-0.0521542,0.0358852,-0.0040416,0.1310145,-0.0199897,0.0183054,0.1242938,0.0447693,-0.0778312,0.0749170,-0.0670490,0.0605201,0.0806955,-0.0408416,0.0305376,0.0054257,-0.0801162,-0.1222924,0.0359897,-0.0436725,-0.1266217,-0.0635769,-0.0418782,0.1185430,0.1326229,0.0101225,-0.0690928,0.0691218,0.0911500,0.0106848,0.1298949,-0.0181741,0.1403358,0.1306153,0.0113523,-0.0376362,0.0754717,0.0392344,0.0386740,0.0587711,0.1093356,-0.0384129,0.1540079,0.0086541,0.0419959,-0.0366197,0.0602789,0.1675859,0.0250727,-0.0905707,0.0621711,-0.0917431,0.2167677,-0.0690686,-0.0144462,-0.0796236,-0.1018482,0.0562609,-0.1792746,-0.1305556,-0.0043567,-0.0032089,-0.0368745,0.2130052,-0.0353206,0.1145157,-0.0312209,-0.0016835,0.0467357,0.0662831,0.0867688,0.0059583,0.1004936,0.0062792,0.0912819,-0.0243424,-0.0281313,-0.2549966,0.1003700,0.1704498,0.0716466,0.0779155,-0.0424374,-0.0316558,-0.0025147,0.3862185,0.0289767,0.1615412,0.1989247,0.0636264,0.0880598,0.0076035,0.0230010,-0.0178027,-0.0408723,0.0685138
MCD,-0.0449650,0.0794001,0.0287561,0.0503559,-0.0163461,0.0110447,-0.0214472,-0.0019459,-0.0404454,-0.0327348,0.0066780,-0.0047223,0.0523046,-0.0504563,-0.0385529,0.0549153,0.0284249,0.0307355,0.0497338,0.0453485,-0.0186335,-0.0235364,0.0203565,-0.0460546,0.0129019,-0.0270159,0.0310389,-0.0364530,0.0077577,0.0003164,0.0405861,0.0058758,0.0359553,-0.0192495,-0.0029738,-0.0700935,-0.0110125,0.0143784,0.0135351,-0.0261830,-0.0022676,0.0209957,0.0357219,-0.0146351,0.0011425,-0.0088183,0.0011514,0.0364872,-0.0315715,0.0537444,0.1081348,0.0143609,0.0461633,0.0364230,-0.0532396,0.0578548,0.0318625,-0.0329515,-0.0309914,0.0666443,-0.0958399,0.0188384,-0.0322938,0.0522145,0.0307950,-0.0074687,0.0414799,0.0076682,0.0273334,0.1111867,0.0416978,0.0138435,0.0234445,-0.0124607,0.0515549,0.0187867,0.0299209,0.0031189,-0.0563105,-0.0345333,0.0220551,0.0184876,0.0122025,-0.0456427,-0.0061589,0.0438219,0.0199915,0.1043535,-0.0069377,-0.0219334,-0.0294574,0.0330899,0.0484316,0.0430866,0.0376206,0.0325092,0.0090498,0.0252709,-0.0344890,-0.1097584,0.0299481,0.0296948,0.0754698,-0.0728228,-0.1905168,0.1261300,0.0304613,-0.0146737,0.0520957,0.0990323,0.0241664,-0.0170569,0.0115841,-0.0157285,-0.0328007,-0.0041546,0.1028912,0.0335606,-0.0005107,-0.0160521,0.0557791,-0.0211083,0.0317799
ABC,-0.0947315,0.1415781,-0.0894608,0.0010767,0.0438290,-0.0288511,0.0397878,-0.0507653,-0.0330755,0.0463448,0.0189823,-0.0282018,0.0205005,0.0547874,0.0064309,0.0727451,0.0504009,0.0350955,0.0364807,0.1376812,-0.0100091,0.0231618,0.0463529,-0.0036058,0.0387730,0.0469476,0.0820789,0.0070288,0.0267559,-0.0600482,0.0197378,-0.0518617,0.0389590,0.0800960,0.0126371,0.0407296,0.0321518,-0.0056173,0.1134934,0.0672201,-0.0257131,0.0683078,0.0726593,0.0890265,0.0135063,-0.0224443,-0.0311211,-0.0168472,-0.0584691,-0.0501000,0.0298979,0.0104262,0.0646796,-0.1472101,-0.0328272,-0.0023089,0.0000000,-0.1909081,0.0189087,0.1321580,0.0419155,-0.0606810,-0.0424692,-0.0198651,0.0050988,0.0621433,0.0613963,-0.0424196,-0.0500518,0.0500242,0.0814396,-0.0110933,-0.1367706,0.0196176,-0.0318627,-0.0455696,0.1844828,0.1146568,-0.1014566,0.1020682,-0.1192940,0.0052983,0.0087076,-0.0140845,-0.0430876,0.0634481,0.0284162,-0.0217966,-0.0597569,-0.0957510,0.1356717,-0.0914918,0.0021809,0.0076805,0.0604675,0.0521083,-0.0423545,0.0229461,-0.0485821,0.0688981,0.0098286,-0.0492304,0.0201167,0.0019837,-0.0230581,0.0301585,0.1010183,0.0451918,0.0074409,-0.0315401,-0.0089663,-0.0163270,0.0900729,-0.0611968,0.1037190,-0.0526020,0.1761510,-0.0021000,-0.0319024,-0.0023476,0.0527279,-0.0223528,0.0356508
UHS,-0.2146197,0.2525854,0.0062547,-0.0338140,0.0607308,0.0863658,-0.0669942,0.0222595,-0.0986114,0.0381201,-0.0236419,0.0386399,0.1237599,-0.0240565,-0.0305292,0.1537206,0.1213101,0.0756838,0.0787182,-0.0117856,0.1102761,0.0286933,-0.0257474,0.0574071,-0.0044432,0.0814505,0.0415270,0.0021050,0.0378105,-0.0460769,-0.0418123,-0.0281360,0.1301434,0.1073292,-0.0098533,0.1563007,0.0294668,-0.0170831,-0.0946658,0.1056877,0.0042482,-0.0268530,0.0728596,0.0403418,-0.0231987,0.1045332,0.1175547,0.0268942,-0.0755607,-0.0360234,-0.0397483,-0.0175803,-0.0123436,-0.0614898,-0.0201527,0.1226783,0.0887741,0.0624364,0.0037558,0.0024945,-0.1109485,0.0228021,0.0013682,-0.0109307,-0.1325370,0.0562061,0.0823063,-0.0280602,0.0032636,-0.0122612,-0.0244891,0.0742729,-0.1242546,0.0183106,-0.0458119,-0.0814394,0.1642268,0.0309041,-0.0069576,0.0661707,-0.0293688,-0.0077733,-0.0227445,-0.0127575,0.0863529,0.0077158,0.0038284,0.0447322,-0.0317134,-0.0417845,0.0896721,-0.0243719,0.0254433,-0.0825564,0.0138502,0.0646674,0.1114570,-0.0085388,-0.0004823,-0.0381885,0.0106787,0.0067366,-0.0331760,-0.0868425,-0.2922451,0.1095705,0.0625825,-0.1090926,0.1794376,0.0040946,-0.0708654,0.0284795,0.2383120,0.0455659,-0.0793965,-0.0028642,0.0781936,0.0797750,0.0906038,-0.0679319,0.0424083,0.0036220,-0.0670877
CAT,-0.2032750,0.3389086,0.0362058,-0.0743768,0.2186534,0.0484558,-0.0841396,-0.0306546,-0.1441534,-0.0713739,-0.0397834,0.1067664,0.0249197,-0.0806138,-0.0171603,0.0857450,0.0752285,0.0044122,-0.0653697,-0.0755372,0.0504782,-0.0329569,0.0414681,-0.0180778,0.0138662,-0.0088496,-0.0277134,0.0205128,0.0504850,0.0512849,0.0245503,0.0478207,0.0468211,0.0292844,0.0004574,-0.0444404,0.0326316,-0.1043462,0.0528712,-0.0639741,-0.0921785,-0.0335376,-0.0330262,0.0084148,0.0674929,-0.0108058,-0.0337013,-0.0787733,-0.0280679,-0.0707858,0.0745880,-0.0445252,-0.0545079,-0.0939001,0.0877249,0.1227474,0.0228917,-0.0549551,0.0063387,0.0775024,0.0676071,-0.0060707,0.0298204,0.0803582,0.0099031,0.0081006,0.0591450,-0.0349014,-0.0105870,0.0617650,0.0725404,0.0125593,0.0485116,0.0635296,0.0832166,0.0461702,0.0635452,0.1574378,-0.1005257,0.0016416,-0.0151436,0.0336151,0.0142324,-0.1147374,-0.0315593,0.0520664,0.0117564,-0.1169635,-0.0277362,0.0517060,-0.0076289,0.0336232,0.0504094,-0.0562867,-0.0567639,0.0834003,-0.0946307,0.0074541,-0.0222782,0.2217879,-0.0462837,0.0593777,-0.1257747,-0.0415350,-0.0614247,-0.0772657,0.1186409,0.0461411,0.0541012,0.0709663,0.0358373,0.0492504,0.1223249,0.0275361,0.0126703,0.1951503,0.0664258,0.0005212,0.0474950,-0.1036555,-0.0242290,0.0176752,-0.0835351
SYF,#N/A,#N/A,#N/A,#N/A,#N/A,#N/A,#N/A,#N/A,#N/A,#N/A,#N/A,#N/A,#N/A,#N/A,#N/A,#N/A,#N/A,#N/A,#N/A,#N/A,#N/A,#N/A,#N/A,#N/A,#N/A,#N/A,#N/A,#N/A,#N/A,#N/A,#N/A,#N/A,#N/A,#N/A,#N/A,#N/A,0.0832970,0.0072464,0.1250999,0.0483126,-0.0223653,0.1091854,-0.0006250,-0.0669168,0.0754021,0.0221253,-0.0091463,0.0587692,-0.0645161,0.0347934,-0.0594416,0.0162783,-0.0439837,-0.0660532,-0.0517241,0.0538033,0.0904930,0.0072273,-0.1963470,0.1400162,-0.0288359,0.0073314,0.0476710,0.1677666,0.1035098,-0.0231806,0.0217270,-0.0676118,-0.0394737,-0.1933029,0.1101887,0.0078178,0.0411467,-0.0599287,0.0854583,0.0336508,0.1360565,0.0254123,-0.0445558,-0.0038631,-0.0562327,-0.0038157,0.0400707,-0.0662890,-0.1143811,0.1024323,-0.0515848,-0.0950197,-0.0963070,0.0184295,0.1845004,0.0634341,0.0162399,0.0393362,-0.0011827,0.0568384,-0.0400560,-0.0288882,-0.0258413,0.1165947,0.0353591,-0.0477588,-0.0916223,-0.1095003,-0.5043298,0.2879106,0.1448725,0.0241706,0.0240629,0.1211026,0.0298267,-0.0035225,0.1967793,0.1142107,0.0126657,0.1250727,0.0418821,0.0106700,0.1711269,0.0165618,-0.0278408,0.0907934,-0.0231427
EL,-0.1423915,0.1693587,0.1982531,-0.0479742,0.0277778,0.0100485,0.0674099,0.0501366,-0.1249600,0.0042055,-0.0447924,0.1505909,0.0208748,0.0157416,-0.0781275,0.0457539,0.0415976,-0.0134438,-0.0106164,0.0872838,0.0425689,-0.0081944,-0.0393162,-0.0342527,0.0870567,0.0120056,-0.0135380,0.0338144,0.0105378,-0.1008938,0.0573882,-0.0287749,0.0799355,0.0378922,-0.0226381,0.0108448,0.0011921,-0.0112449,-0.0289002,0.0227335,-0.0032332,0.0596026,0.0571429,0.0252172,0.0288337,0.0004576,-0.0060599,0.0375014,-0.1210777,0.0480636,0.0468223,-0.0365643,0.0583690,-0.0424576,0.0713196,0.0310960,0.0313263,-0.0282939,-0.0250978,0.0383372,-0.0171729,-0.0309053,-0.0237773,-0.1016969,0.0038551,0.0193292,0.0722846,0.0177647,-0.0025431,0.0589871,0.0745240,-0.0202668,0.0506237,0.0852874,0.0144954,0.1324587,0.0142041,0.0066505,0.0650552,0.0588192,0.0256393,-0.0549694,0.1170447,-0.1161754,-0.0468885,0.0470037,-0.0624323,0.0795227,-0.0160451,-0.0380490,0.1475175,0.0341409,0.0464098,0.0117097,0.0606297,0.0474387,-0.0307152,0.1415683,-0.0476144,-0.0689991,0.0886933,0.0345176,-0.0415242,-0.0398063,-0.2079728,0.1686884,0.1493864,-0.0553809,0.0433634,0.1224056,-0.0313007,0.0389235,0.0993995,0.0754117,-0.1060193,0.2120416,0.0163367,0.0859464,-0.0378764,0.0362049,0.0597062,0.0060002,-0.0437493
SEE,-0.1437191,0.1402947,-0.0101124,-0.0232690,0.1371296,0.0189065,-0.0240722,-0.0143885,-0.1392608,-0.0304916,-0.0109114,-0.1343284,0.2421289,-0.0319855,0.0442643,0.0286567,0.0911201,0.0435718,0.2381443,-0.0895087,0.0800183,0.0287892,0.1362140,0.0977907,-0.0089080,-0.0905459,0.1310395,0.0210356,0.0545166,-0.0363691,0.0221460,-0.0735429,0.1096838,0.0026714,-0.0168739,0.0009033,0.1179302,-0.0890743,0.1488922,0.0493700,0.0367557,-0.0080359,0.0981654,-0.0114992,0.0294118,0.0345416,0.0770816,0.0332951,-0.0538889,-0.0536308,0.0308170,-0.0977127,-0.0094797,-0.0979301,0.1283000,0.0575115,-0.0002068,-0.0910323,-0.0291924,0.0656277,-0.0185376,-0.0291710,-0.0676610,0.0830049,0.0053522,0.0278961,-0.0172840,-0.0326633,-0.0701299,-0.0004655,0.0549604,0.0181015,-0.0140937,-0.0444249,0.0276180,0.0100784,0.0649667,0.0083281,-0.1220318,0.0397460,-0.0070120,0.0004556,0.0086521,-0.0410835,-0.0670904,0.0239717,-0.1096599,-0.0285082,-0.0299145,0.0587372,0.2280166,0.0128755,0.0303301,-0.0647186,0.0367970,-0.0176339,0.0072711,-0.1130160,0.0208545,0.0393622,-0.0992330,0.0180947,-0.0541035,-0.1461730,-0.2119741,0.1174538,0.1918412,-0.0009251,0.1012346,0.1014574,-0.0374046,0.0618557,0.1217326,0.0104305,-0.0568856,-0.0242198,0.1303103,0.0198480,0.1724638,0.0340809,-0.0524249,0.1023608,-0.0632663
ATVI,0.0328436,0.1205021,-0.0724421,-0.0080515,-0.0121753,-0.0090386,0.0588723,0.0086139,-0.0024272,-0.0437956,0.0127226,-0.0033501,0.0000000,-0.0638655,0.0089767,-0.0346975,0.0470046,0.2583187,0.0000000,0.0041754,0.0297990,-0.0087483,0.0271555,0.1526768,-0.0269495,0.0506777,-0.0403814,-0.0263004,0.0726291,0.0833800,0.0640496,-0.0757282,0.0856092,0.0377358,0.0461538,0.0160428,0.0464912,-0.1349539,0.0004845,0.0130751,-0.0688337,0.1201232,0.0687443,-0.0278731,0.0233789,0.1107759,-0.0368646,0.0342466,0.1141410,0.1178322,0.0813262,0.1102112,0.0469995,-0.1169161,-0.0904652,0.0495737,0.0198556,0.1154066,-0.0505777,0.1465657,-0.0415094,0.0952264,0.0215682,-0.1548274,-0.0398126,0.0560976,0.1599284,0.0800794,0.0042892,0.1216189,0.0937443,0.0029841,0.0395041,0.0335506,-0.0541538,0.0414769,0.0156177,0.0565893,-0.0056760,0.0863583,-0.1123686,0.0883424,0.0591353,0.0715038,-0.1333415,0.0530346,-0.0091570,-0.2523784,-0.1296128,0.0436508,-0.1202722,-0.0236579,0.1083411,-0.0157662,-0.0307561,0.0240194,0.0025823,0.1714960,0.0152070,0.0054142,-0.0328487,0.0889013,-0.0078405,0.0092768,0.0345532,0.0974005,0.0943028,0.0690506,0.0589517,0.0107709,-0.0328065,-0.0372617,0.0219879,0.1503523,-0.0301870,0.0782677,-0.0166301,-0.0257392,0.0616812,-0.0190231,-0.0551363,-0.1035057,-0.0686796
HES,-0.1731862,0.2648605,-0.0374041,-0.0567918,-0.0290493,0.1941976,-0.1128151,-0.1076502,-0.1542868,-0.1042167,0.0831707,0.1364558,0.0984743,-0.0167749,-0.0737479,0.0505051,0.0871041,0.1821848,0.0711955,-0.0474938,0.0046518,-0.0231515,0.0525848,0.0620602,0.0298132,0.0461915,-0.0168491,-0.0172629,0.0039460,-0.0238367,0.0496168,0.0342779,0.0569514,0.0675798,0.0444280,0.0166497,-0.0038945,-0.1136842,-0.0401538,-0.1596748,-0.0259431,0.0534120,-0.0375837,0.0299631,0.0267476,-0.1126628,-0.0252724,-0.1065052,-0.0026064,-0.0264808,0.0311382,-0.0152725,-0.1835593,-0.1177081,0.0258824,0.1559633,0.1742063,-0.0198804,-0.0793206,-0.0540928,0.0683583,-0.1531372,0.0929259,0.0112984,0.2035599,-0.0877911,-0.1203468,-0.0666667,-0.0022774,-0.0085080,-0.1008790,0.0146648,-0.0986465,0.0733011,0.0917714,-0.0245439,-0.0498775,0.2547457,-0.1755697,0.1003625,0.1595635,0.1209162,-0.0421353,0.1036878,-0.0510938,-0.0123164,0.0741807,-0.1196607,-0.1295013,-0.0584580,0.0808581,0.0673664,0.1278384,0.0057070,-0.1086066,0.0912467,-0.0682223,0.1302609,-0.0352362,0.1043062,-0.1158290,0.1408037,-0.1920103,0.0225058,-0.3882149,0.3113314,0.0520631,0.0236140,-0.0128385,-0.0644178,-0.1162033,-0.0862620,0.2689618,0.1197541,0.0594359,0.1708058,0.0927819,-0.0161989,0.2092264,0.0116211,-0.1198654,-0.0858273,0.0865301
FIS,-0.1579892,0.1164179,-0.0798319,0.1037775,0.0740880,0.1022409,0.0498729,0.0187595,-0.0079099,0.0205458,-0.0384615,-0.0006250,0.0181363,0.0018428,0.0778663,-0.0025597,0.0567437,-0.0137838,0.0331598,0.0782493,0.0949569,-0.0110088,0.0233985,0.0423973,-0.0212947,0.0069626,0.0525065,0.0367481,0.0304950,0.0190238,0.0324345,-0.0633790,0.0707878,0.0038244,-0.0003628,0.0052632,0.0534392,-0.0315338,0.0330915,0.0496745,-0.0004896,0.0450612,0.0407749,0.0229661,-0.0685253,-0.0201638,0.0051447,0.0441459,0.0439645,0.0173147,0.0601471,-0.1159184,-0.0420920,-0.0206591,-0.0247782,0.0801717,0.0437063,0.1214612,-0.0408523,0.1023065,0.0278562,-0.0318471,-0.0208978,0.0214756,-0.0108345,0.0404225,0.0325950,-0.0125533,-0.0033325,0.0255108,0.0272914,0.0536029,0.0203057,0.0061236,0.0347788,-0.0186955,0.0018195,0.0381410,-0.0207883,0.0543353,-0.0407695,0.0880183,0.0235912,0.0128767,-0.0222018,0.0243075,-0.0541759,0.0451230,-0.0166558,-0.0235617,0.0531059,-0.0149995,0.0617526,0.0219094,0.0551059,0.0350090,0.0322479,0.0620990,-0.0609853,0.0032933,0.0361832,0.0241638,0.0484103,-0.0182504,-0.1815641,0.0979421,0.0800280,-0.0144740,0.0690487,0.0310300,-0.0135897,-0.1598118,0.1870901,-0.0547807,-0.1265326,0.1262548,0.0432609,0.0614017,-0.0196977,-0.0417891,0.0339975,-0.1240399,-0.0613799
NRG,-0.1537155,0.0747617,-0.0812325,-0.0792683,-0.0728477,0.0446429,-0.1031339,0.0800508,0.0208469,-0.0038290,0.2504805,0.1193648,-0.0169336,0.0716946,-0.1420504,0.1534177,0.0487270,0.0292347,0.0906433,0.0252777,0.0354875,-0.0353535,0.0875093,-0.0880330,0.0233786,0.0294768,-0.0314961,0.0339985,-0.0185847,0.0043700,0.0848441,0.0601604,0.0750315,0.0627566,-0.0242826,-0.1705317,0.0501193,0.0327922,0.0600440,-0.1794187,-0.0563787,0.0088089,-0.0994685,0.0328836,0.0036735,-0.0085401,-0.0664479,-0.1195079,-0.0568862,-0.1645503,-0.1538949,-0.1923653,-0.1027508,-0.0405771,0.0131579,0.2263451,0.1346445,0.1177715,-0.1173502,0.0571837,-0.1507776,-0.0636943,-0.0552721,0.0369037,0.0737847,0.3023444,0.1205767,0.0719298,0.0060011,-0.1735358,0.1122047,0.3522124,0.1199825,-0.1067394,0.1609246,0.0864012,-0.0428769,0.0079480,-0.1139785,0.2216828,-0.0023179,0.1543312,-0.0365152,-0.0605789,0.0324015,0.0849231,0.0334657,0.0504940,0.0603448,-0.0145356,0.0392500,0.0052923,0.0038287,-0.1189511,-0.0603355,0.0282177,-0.0498460,0.1081639,0.0351064,0.0485612,-0.0316099,-0.0334008,-0.0172775,-0.1129462,-0.1654655,0.1856783,0.0952959,-0.0814630,0.0199095,0.0177462,-0.1368788,0.0585859,0.0416667,0.0757252,0.1297190,-0.0826633,0.0364284,-0.0438689,-0.1061360,0.2628324,-0.0031832,0.1201179,-0.0578947
FFIV,-0.1099457,0.4759336,0.0873497,-0.0611342,0.1317377,0.0576187,0.0617226,-0.0068960,-0.0994268,-0.1573320,-0.0575025,0.0931723,0.0689082,-0.1224396,-0.0822132,0.0949137,0.0046661,0.0452117,-0.1128588,-0.1806294,0.1171220,-0.0976998,0.0923118,0.1362241,-0.0052973,-0.0195631,-0.0673983,-0.0254368,0.1222100,0.1900880,0.0193607,-0.0771367,0.0235899,0.0678111,-0.0115463,0.0491509,0.0605516,-0.0387628,0.0641015,0.0365546,-0.0347323,-0.1234909,0.0337595,-0.0269093,0.1005907,0.0125224,-0.0559749,0.1174819,-0.0770402,0.0140218,-0.0999675,-0.0526887,-0.0479612,-0.0436467,0.0254852,0.0884891,-0.0042033,0.0412117,0.0341997,0.0916226,0.0090476,-0.0293011,-0.0205361,0.2105928,0.0162760,-0.0274451,0.0035704,0.0376700,-0.0895462,-0.0703685,0.0375695,-0.0310036,-0.0628061,-0.0169434,-0.0071171,0.0468952,0.0743277,0.0790141,-0.0026331,0.0554406,0.0482693,0.1130530,0.0288545,-0.0012389,0.0140964,0.0637754,-0.1156701,0.0830427,-0.0875900,-0.0141755,-0.0310035,0.0149020,0.0357209,-0.1087682,-0.0614223,0.0112512,-0.0414760,-0.0356303,0.0154643,0.0984996,-0.0194632,-0.0249338,-0.1302143,-0.0463168,-0.0775855,0.2640030,0.0769572,-0.0583596,-0.0102687,-0.0262693,-0.0628731,0.0770906,0.2189114,0.0837172,0.1404443,-0.0558593,0.0989578,-0.0164767,-0.0883413,0.0178953,0.0108633,0.0688921,-0.0084511
FCX,-0.3570814,0.3478406,-0.0163934,-0.0709596,0.2530579,-0.0529284,-0.1385708,0.0183462,-0.1353606,0.0052910,0.0099071,0.1186389,0.1216772,-0.0085512,-0.0566782,-0.1131139,-0.0091311,0.0230657,-0.0430936,-0.1276469,0.0953846,-0.0742821,-0.0515846,0.1230004,0.0459006,0.0251211,0.0599350,-0.0448468,0.0390784,-0.0954252,-0.0452994,0.0581735,0.0715602,-0.0151906,0.1309662,-0.0504375,-0.0539295,-0.0747637,-0.1226006,-0.1132675,-0.1034620,-0.1304927,0.0015314,-0.0239551,0.2146214,-0.1552021,-0.0921120,-0.3811659,-0.0824275,0.1036525,0.0572451,-0.3375635,-0.1723716,-0.3205318,0.6586957,0.3289646,0.2485207,0.0264317,-0.0918455,0.1701323,-0.0323102,-0.0834725,-0.0728597,0.4253438,-0.0317023,0.1039146,-0.0216535,-0.1462106,-0.0204242,-0.0946271,0.0265722,0.1216566,0.1361538,-0.0602573,0.1001441,-0.0962672,0.1731884,0.1933292,-0.0905797,0.0620376,-0.0423365,-0.0934527,0.1024691,-0.0319149,-0.1370735,-0.1152815,-0.0325758,-0.1111981,-0.0581498,0.0477081,0.0589286,0.0421585,0.1116505,-0.1724891,-0.0897098,0.0840580,-0.0962567,-0.0601578,-0.0807975,0.2328767,0.0287037,0.1521152,-0.1062500,-0.1197552,-0.3654419,0.3615023,0.0735632,0.2301927,0.1244560,0.2082043,-0.0185778,0.1409922,0.3381007,0.0530141,0.0470970,0.3148507,-0.0533766,0.2052960,0.1008012,-0.1373562,-0.0024496,-0.0420191,-0.0817431
DRE,-0.1652324,0.2659794,-0.0553746,0.0387931,0.1070539,0.0367316,0.0347072,0.0356394,-0.0493398,0.0292398,0.0056818,0.0134181,0.0543554,-0.0145406,-0.1160295,0.0508346,0.0815884,0.0710419,0.0625395,0.0541023,0.0513254,-0.1561159,0.0591227,-0.0774310,-0.0104099,0.0565417,-0.0298693,-0.0904426,0.0521862,0.0817694,0.0346964,0.0000000,0.0514970,0.0148064,0.0112233,0.0083241,0.0181618,-0.0454054,0.1002265,0.0020587,0.0626605,0.0705655,-0.0785553,0.0886820,-0.1197120,-0.0260736,0.0026247,0.0497382,-0.0872818,0.0896175,0.0601805,-0.0298013,0.0427518,-0.0513666,0.0273224,0.0942940,-0.0185594,0.0509698,0.0896996,0.0862544,0.0199420,-0.0259509,-0.0529197,-0.0593449,0.0647276,0.0219315,-0.0593284,0.0226101,0.0861133,0.0107143,0.0204947,-0.0252770,0.0266430,0.0231834,-0.0213054,0.0062198,-0.0449863,-0.0722762,-0.0193798,0.0158103,0.0007782,0.1084759,0.0087689,0.0090403,-0.0151620,0.0017495,-0.0227035,0.0214439,-0.0052484,-0.0685895,0.1344411,0.0146471,0.0055774,-0.0153344,0.0424122,0.0419580,-0.0012203,0.0201588,0.0128743,0.0452261,-0.0082014,-0.0019960,0.0374286,-0.0603140,-0.1198710,0.0925741,0.0728436,0.0261364,0.1126800,-0.0408062,-0.0412451,0.0235390,0.0060798,0.0436153,0.0098187,-0.0214410,0.0881529,0.0554905,0.0232919,0.0422718,0.0586522,-0.0280943,-0.0125328
PPL,-0.0330206,0.0574311,0.0223853,-0.0201005,-0.0622711,0.0394531,-0.0232995,-0.0234706,0.0095579,0.0063116,0.0497844,0.0156833,-0.0209559,0.0364251,-0.0460145,0.0269654,0.0081361,0.0593093,-0.0077959,0.0557143,0.0027064,-0.0880567,0.0603034,0.0132589,-0.0413223,0.0053879,0.0010718,-0.0306924,0.0298233,0.0196639,0.0473352,0.0127218,0.0155372,0.0478516,-0.0130475,-0.0361977,0.0212280,0.0169492,0.0654088,-0.0354191,0.0082619,0.0227618,-0.1261128,0.0831919,-0.0291536,-0.0006458,-0.0300485,0.0502998,-0.0402791,0.1064111,0.0200119,-0.0284041,0.0088132,0.0209668,-0.0019966,0.0745927,-0.0087766,0.0396717,-0.0215789,0.0094137,-0.0604849,0.0158820,-0.0639308,-0.0056666,0.0326935,-0.0008713,0.0315576,0.0328375,0.0353261,0.0183727,0.0201031,-0.0482567,0.0366339,0.0066581,-0.0485881,-0.0088235,-0.0882115,-0.0751479,-0.0255918,-0.0830598,-0.0050125,-0.0050378,-0.0546112,0.0960214,0.0146597,0.0357757,0.0112919,0.0407225,-0.0284001,-0.0487171,0.0600888,0.0428341,-0.0138975,-0.0488569,0.0214027,0.0003224,-0.0464067,0.0175735,0.0232481,0.0863356,0.0325665,0.0237269,0.0245902,-0.1437241,-0.2599871,0.0866347,0.1422276,-0.0810242,0.0160305,0.0379414,-0.0271444,0.0264137,0.0300834,-0.0411682,0.0201835,-0.0579137,0.1095838,-0.0058500,0.0055382,-0.0275387,0.0042478,0.0299612,-0.0273785
HAS,-0.1516839,0.1897468,-0.0591172,-0.1094666,0.0805895,0.0232153,0.0533182,-0.0107701,0.0179201,-0.0225108,0.0389725,0.0795681,0.0055278,0.0049738,-0.0257880,-0.0221925,0.0667214,0.0787863,0.0416975,0.0499763,0.0649673,-0.0614277,0.0708644,-0.0421496,0.0301430,-0.0064075,0.1016767,0.0044878,0.0149573,0.0021053,0.0423988,-0.0174056,0.0365467,-0.0449721,0.0120550,-0.0589987,0.0680380,0.0281481,0.0443084,-0.0246637,-0.0378426,0.0316118,0.1040442,0.0351783,0.0972720,0.0259980,0.0502631,0.0392881,-0.0249905,-0.0418944,0.0488865,-0.0612377,-0.0764811,0.1004444,0.0214055,0.0311058,0.0906302,-0.0055021,-0.0505994,-0.0148112,0.0121996,-0.0333577,0.0564232,0.0208631,-0.0656312,0.0497438,0.1649911,0.0208122,-0.0483342,0.0401296,0.1182558,0.0138365,-0.1230060,-0.0416330,0.0241459,-0.0118398,-0.0011461,-0.0467299,0.0573367,-0.0838249,-0.0086976,-0.0128760,0.0528685,0.0678654,0.0055441,0.0505411,-0.0439304,-0.0106740,-0.1368681,0.0167857,0.0566678,-0.0351247,-0.0063160,0.1650295,0.0506894,0.0212424,0.0444670,-0.0176137,0.0600955,-0.1696413,0.0180143,0.0562035,-0.0312232,-0.2587206,-0.0664104,-0.0193100,0.0519763,0.0279383,-0.0258401,0.0849368,0.0291361,0.0323732,0.1092166,0.0033323,-0.0005357,0.0045021,0.0447124,0.0045965,-0.0247077,-0.0240826,0.1080013,-0.0509063,-0.0407355
PLD,-0.1746900,0.3150685,-0.0651882,0.0276779,0.1052816,0.0629747,0.0512057,0.0127443,-0.0507463,-0.0081761,-0.0034876,0.0712695,0.0487080,-0.0042481,-0.0517634,0.0689862,0.1083053,0.0101430,-0.0074665,0.0741894,0.0594059,-0.1233189,0.0210608,-0.0585689,0.0000000,0.0540979,-0.0102643,-0.0518538,0.0049221,0.0976871,0.0071889,-0.0142752,0.0339576,-0.0065202,0.0021877,-0.0215862,0.0275161,-0.0805790,0.0865914,0.0335668,0.0175234,0.0514351,-0.0945621,0.0701881,-0.1072797,0.0093411,-0.0522761,0.0675640,-0.0652658,0.0722031,0.0774544,-0.0304487,0.0114620,-0.0871878,-0.0255891,0.1398856,0.0412865,0.0283905,0.0222977,0.1007478,0.0156633,0.0105909,-0.0290495,-0.0738496,0.0611327,0.0129094,-0.0503311,0.0263001,0.0592118,0.0038490,0.0697462,-0.0011947,0.0637389,0.0473896,-0.0030675,0.0336923,-0.0190505,-0.0571992,-0.0320245,0.0510391,-0.0151851,0.0473819,0.0046005,0.0024424,-0.0188823,0.0327487,-0.0147280,0.0306589,-0.0241231,-0.0764331,0.1564860,0.0079512,0.0267643,0.0205790,0.0510821,0.0526922,-0.0286721,0.0580363,0.0138314,0.0234375,0.0379401,-0.0187706,0.0277436,-0.0269947,-0.1552746,0.1538869,0.0754046,0.0154749,0.1079348,-0.0337697,-0.0220891,0.0057223,-0.0012977,-0.0182909,0.0515170,-0.0407630,0.0777228,0.0756767,0.0175011,0.0407325,0.0522940,0.0199250,-0.0201486
ARE,-0.1983459,0.1556216,-0.0080194,0.0520134,0.0448021,-0.0063836,0.0146648,0.0312457,-0.0450364,0.0048886,0.0321934,0.0234267,0.0074495,-0.0223178,-0.0745325,0.0337296,0.0442720,-0.0102266,-0.0099134,0.0076153,0.0888733,-0.1332905,0.0302536,-0.0521088,-0.0417616,0.0072900,-0.0073946,-0.0312252,0.0539921,0.1123875,0.0216299,-0.0281382,0.0581869,0.0180635,0.0159165,-0.0028252,0.0273020,-0.0433747,0.0795440,0.0888565,0.0181717,0.0608781,-0.0154815,0.0235874,-0.0730234,-0.0058557,-0.0026673,0.0403388,-0.0852614,0.0264637,0.0427789,-0.0042665,-0.0076013,-0.1336032,-0.0002526,0.1480546,0.0325704,0.0541787,0.0111948,0.0999396,0.0035685,0.0305434,-0.0558259,0.0171477,0.0044219,0.0194442,0.0482796,-0.0550782,0.0488315,0.0151725,0.0173371,0.0168737,0.0063568,-0.0113208,0.0247262,0.0225101,0.0444251,-0.0527712,-0.0468262,0.0614713,-0.0344146,0.0403933,-0.0012600,0.0087526,-0.0293129,0.0258496,-0.0210378,-0.0020047,0.0104451,-0.0713263,0.1363987,0.0502562,0.0304183,-0.0268050,0.0781228,-0.0329131,-0.0100178,0.0548240,0.0141928,0.0184645,0.0182570,0.0035609,0.0259587,-0.0428372,-0.1671632,0.1385295,0.0302179,0.0733939,0.0733934,-0.0516474,-0.0501841,-0.0526480,0.0806547,0.0741465,-0.0547564,-0.0394009,0.0592398,0.0523795,-0.0104489,0.0466080,0.0641137,0.0390458,-0.0414541
PEP,-0.0601715,0.0441201,0.0166799,0.0367187,-0.0141673,-0.0319523,0.0426406,-0.0003029,0.0287096,0.0091069,0.0093159,0.0529276,-0.0242433,-0.0230208,-0.0117816,0.0159930,0.0372066,0.0307778,0.0407166,0.0432968,0.0467500,-0.0142107,0.0262871,-0.0232531,-0.0293656,0.0095867,0.0561105,-0.0509108,0.0134104,-0.0214884,0.0192308,0.0121729,0.0454600,0.0171402,0.0190002,0.0187569,0.0007626,0.0226432,0.0304450,0.0101240,-0.0486807,0.0385939,-0.0059000,0.0045814,-0.0103648,-0.0254504,0.0145083,0.0361229,-0.0580718,0.0399436,0.0583446,-0.0189349,0.0098842,-0.0182897,-0.0149043,0.0362911,0.0157838,-0.0166342,0.0088040,0.0690331,-0.0104568,-0.0005562,-0.0047301,-0.0470599,0.0238607,-0.0139446,0.0526572,0.0277393,0.0281601,-0.0021876,0.0285890,-0.0201211,0.0362830,-0.0356843,-0.0111450,0.0192833,0.0195232,-0.0013557,-0.0503139,0.0060752,-0.0297487,-0.1108365,0.0754503,0.0674770,0.0133596,0.0048664,-0.0548560,0.0944662,-0.0109806,-0.0482830,0.0226985,0.0309488,0.0464019,0.0329508,0.0591176,-0.0068180,-0.0460923,0.0753658,0.0173555,-0.0229868,0.0158331,-0.0121631,0.0507262,-0.0486282,-0.0864434,0.0569998,0.0158112,-0.0047372,0.0400423,0.0174343,-0.0207054,-0.0231117,0.0764236,0.0185814,-0.0603771,-0.0641119,0.1209072,-0.0132588,0.0253342,0.0036175,0.0682127,-0.0119055,-0.0064433
UA,#N/A,#N/A,#N/A,#N/A,#N/A,#N/A,#N/A,#N/A,#N/A,#N/A,#N/A,#N/A,#N/A,#N/A,#N/A,#N/A,#N/A,#N/A,#N/A,#N/A,#N/A,#N/A,#N/A,#N/A,#N/A,#N/A,#N/A,#N/A,#N/A,#N/A,#N/A,#N/A,#N/A,#N/A,#N/A,#N/A,#N/A,#N/A,#N/A,#N/A,#N/A,#N/A,#N/A,#N/A,#N/A,#N/A,#N/A,#N/A,#N/A,#N/A,#N/A,#N/A,#N/A,#N/A,#N/A,#N/A,#N/A,-0.1984073,-0.0491059,0.1576119,0.0128932,-0.1165988,-0.0518732,-0.2765957,0.0945378,-0.0341651,-0.2209073,-0.0754430,-0.0273823,-0.0073198,0.1157119,-0.0432130,-0.1137088,-0.0131894,-0.0899149,-0.2710280,0.1401099,0.0024096,0.0560897,0.0637329,0.0228245,0.1617852,0.3283313,-0.0736557,-0.0629268,-0.0255075,-0.1020299,0.2337894,0.0130183,-0.1794384,0.0806265,0.0568975,-0.0096496,0.0153846,0.1560606,0.0104849,-0.1798530,-0.0558777,-0.0245673,-0.1161992,0.1016839,0.1328630,-0.0669434,-0.3214683,-0.4352459,0.2641509,-0.0516648,0.0472155,0.0971098,-0.0674394,0.1039548,0.2323439,0.2084718,0.0281787,-0.0127005,0.2322275,-0.0302198,0.1280453,-0.0341537,-0.0364015,-0.0388559,0.1690062,-0.1027858
LYB,-0.2895047,0.3634855,-0.0057821,-0.0055096,0.3056325,0.0372466,-0.0197727,-0.0313007,-0.1094857,0.0169405,0.0355881,0.1957105,0.0705259,0.0561691,-0.1346674,0.1427083,0.1411121,-0.0019828,0.0554636,-0.1007059,0.1531484,0.0307064,0.0403581,-0.0184793,0.0204082,0.0663380,-0.0050192,0.0155317,0.0433987,0.0142821,0.1136364,-0.0338287,0.1052692,0.0381180,-0.0146073,0.0994010,0.0528260,-0.1001754,-0.1473972,-0.1115939,-0.0420849,0.1776166,-0.0005705,0.0382420,0.1353491,-0.0346698,-0.0093299,-0.0728101,-0.0968764,0.0950538,0.0339039,0.0155950,-0.0841161,-0.1115542,0.0287290,0.0620870,0.0137340,-0.0627762,-0.0943054,0.0528634,0.0012679,-0.0100038,0.0440010,0.0433717,0.0306482,0.0355475,0.0317601,-0.0280917,-0.0493909,-0.0632572,0.0110683,0.0535055,0.0234676,0.0856719,0.0265840,0.0618219,0.0162907,0.0992127,-0.0534127,-0.0086600,-0.0525057,0.0867624,0.0508126,-0.0930569,0.0455397,-0.0421222,-0.0866392,-0.0159803,-0.1210702,0.0495085,-0.0453673,0.0485873,0.0296505,-0.0913172,-0.0454272,0.1028781,-0.1324253,0.0237467,0.0845361,0.1492395,-0.0541770,0.0007652,-0.1390497,-0.0834813,-0.3643411,0.1835801,0.2022079,0.0041322,-0.0470965,0.0473448,0.0733048,0.0274616,0.1785071,0.0646298,-0.0501104,0.1978852,0.0110583,0.0065240,0.0824516,-0.1045262,-0.0308782,0.0449518,-0.0959410
ETSY,#N/A,#N/A,#N/A,#N/A,#N/A,#N/A,#N/A,#N/A,#N/A,#N/A,#N/A,#N/A,#N/A,#N/A,#N/A,#N/A,#N/A,#N/A,#N/A,#N/A,#N/A,#N/A,#N/A,#N/A,#N/A,#N/A,#N/A,#N/A,#N/A,#N/A,#N/A,#N/A,#N/A,#N/A,#N/A,#N/A,#N/A,#N/A,#N/A,#N/A,#N/A,#N/A,#N/A,#N/A,#N/A,-0.3576923,-0.1084498,0.4350746,-0.2709308,0.0456491,-0.2708049,-0.1365762,-0.0891515,-0.0849057,0.0231959,0.1020151,-0.0057143,-0.0488889,0.0817757,0.0669546,0.4149798,0.0600858,-0.0485830,-0.0822695,-0.0208655,-0.0205209,0.0000000,-0.2038760,0.0370010,0.2328638,0.0814928,0.0401408,0.0561950,0.1006410,-0.0471753,0.0140587,0.2139843,-0.0392254,-0.0377261,0.5236305,0.0211491,0.0155333,0.1291638,0.3016255,0.0450971,0.0442576,-0.1527866,0.3009005,0.0640261,-0.0263824,-0.0436154,0.3712401,-0.0425984,0.0063562,-0.0615452,0.0018782,-0.1346665,-0.0955046,0.1161677,-0.1999285,-0.0581135,0.0654960,0.0993318,0.1792950,-0.4021646,0.9451149,0.1610282,0.4150655,0.0644726,0.0111505,0.0294904,0.0745760,0.2135629,0.1084007,0.0856164,0.1391115,-0.1087756,0.0569507,-0.1963950,0.1899364,0.0385061,-0.0182965,0.1016907
CVS,-0.0785355,0.1019108,0.0690889,0.0499485,0.0279549,0.0713263,-0.0138054,0.0074509,0.0390751,0.0213618,-0.0237473,0.0182995,0.0477756,-0.0324200,-0.0255080,0.0814108,0.0689231,-0.0123648,0.0524257,0.0711896,0.0301926,-0.0016844,0.0232833,-0.0169827,0.0046964,-0.0035058,0.0715363,0.0564415,0.0145035,-0.0234865,0.0887362,-0.0041164,0.0584183,0.0156209,-0.0180723,0.0228430,0.0387953,0.0137592,0.0710131,0.0269292,0.0382327,0.0692985,0.0172688,0.0090732,-0.0440878,0.0109234,0.0486243,0.0491365,-0.0761186,0.0037405,-0.0155928,-0.0585774,0.0494208,-0.0217744,0.0060048,0.0545436,-0.0122963,-0.0431584,-0.0411071,0.0053453,0.0343471,-0.0688804,-0.0283758,-0.1568182,0.0761456,0.0214152,-0.0460857,-0.0109173,-0.0072317,-0.0208307,0.0193161,0.0025608,0.0121328,0.0494637,-0.1290129,-0.0276091,0.0051107,0.1220339,-0.1204683,-0.0403607,-0.0539896,0.0534447,-0.0070338,0.0247174,0.0222091,0.0883453,0.0433633,0.0115307,-0.0812978,-0.0655849,-0.0405662,-0.1825095,0.0074419,0.0293629,-0.0326516,0.0257789,-0.0220575,0.1602884,-0.0122690,0.0975964,0.1022928,-0.0190667,-0.0902542,-0.0655909,-0.1140070,0.0819347,0.0949124,-0.0164534,-0.0250929,-0.0130283,-0.0737283,-0.0279805,0.2120508,0.0042779,0.0637485,-0.0592378,0.1199178,-0.0155963,0.1505792,-0.0266142,-0.0148597,0.0084470,0.0136413
CMI,-0.1074262,0.2273793,-0.0311777,-0.0862660,0.1968871,0.1552919,-0.0168433,-0.0320074,-0.1197349,-0.1045175,-0.0324151,0.1755088,-0.0569983,-0.0355854,0.0558289,0.0934968,0.0707735,0.0638051,-0.0243268,-0.0429026,0.0270392,0.0151316,0.0105980,0.0871345,0.0483884,0.0029174,-0.0296114,-0.0043044,0.0510267,-0.0229893,0.0755525,-0.0071294,0.0793383,0.0471563,-0.0532544,-0.0671053,0.0012694,-0.0566277,0.0903390,0.0108190,-0.0363772,-0.0291037,0.0205633,-0.0217808,0.0104439,-0.0224663,-0.0393568,-0.0369181,-0.0473810,-0.0688994,-0.0438440,-0.1123900,-0.1114875,0.0079614,0.0854378,0.1266783,0.0607659,-0.0151423,-0.0235928,0.0695928,0.0632033,-0.0297629,0.0391240,0.0800379,0.0136666,0.0207642,0.0929950,0.0090249,-0.0597576,0.0466671,0.0807429,0.0124314,-0.0707837,0.0702811,0.0538643,-0.0287716,-0.0033704,0.0830614,-0.0919200,-0.0371599,0.0174175,-0.1078884,-0.0088355,-0.0633749,0.0387389,0.0193987,0.0382698,-0.0323955,-0.0473894,0.0066769,0.0905248,0.0562759,0.0325867,0.0132361,-0.0205624,0.0439024,-0.0867148,0.0016839,0.0118971,0.1449201,-0.0063623,-0.0069086,-0.0787286,-0.0659341,-0.1274400,0.1596867,0.1030787,0.0065948,0.1305060,0.0723895,0.0272618,0.0213246,0.0631439,-0.0304105,0.0667440,0.0589711,0.0301738,-0.0115396,0.0053136,-0.0691744,-0.0197704,0.0083298,-0.0453306
OGN,#N/A,#N/A,#N/A,#N/A,#N/A,#N/A,#N/A,#N/A,#N/A,#N/A,#N/A,#N/A,#N/A,#N/A,#N/A,#N/A,#N/A,#N/A,#N/A,#N/A,#N/A,#N/A,#N/A,#N/A,#N/A,#N/A,#N/A,#N/A,#N/A,#N/A,#N/A,#N/A,#N/A,#N/A,#N/A,#N/A,#N/A,#N/A,#N/A,#N/A,#N/A,#N/A,#N/A,#N/A,#N/A,#N/A,#N/A,#N/A,#N/A,#N/A,#N/A,#N/A,#N/A,#N/A,#N/A,#N/A,#N/A,#N/A,#N/A,#N/A,#N/A,#N/A,#N/A,#N/A,#N/A,#N/A,#N/A,#N/A,#N/A,#N/A,#N/A,#N/A,#N/A,#N/A,#N/A,#N/A,#N/A,#N/A,#N/A,#N/A,#N/A,#N/A,#N/A,#N/A,#N/A,#N/A,#N/A,#N/A,#N/A,#N/A,#N/A,#N/A,#N/A,#N/A,#N/A,#N/A,#N/A,#N/A,#N/A,#N/A,#N/A,#N/A,#N/A,#N/A,#N/A,#N/A,#N/A,#N/A,#N/A,#N/A,#N/A,#N/A,#N/A,#N/A,#N/A,#N/A,#N/A,#N/A,#N/A,-0.1284507,-0.0413704,0.1227242,0.0117117
MDLZ,-0.0495832,0.0632502,0.0273556,0.0338123,0.0216680,-0.0044018,-0.0052251,0.0545455,0.0217129,0.0007871,0.0090444,0.0487140,0.0118915,-0.0084466,-0.0433333,0.0042586,0.0824981,-0.0395399,0.0595060,0.0819498,0.0270976,-0.0356008,-0.0052736,0.0470510,-0.0015823,-0.0275753,0.0570404,0.0477953,0.0359035,-0.0590909,0.0537440,-0.0169054,0.0955990,0.0042565,0.0063576,-0.0586997,-0.0123043,-0.0263307,0.0979936,0.0127119,-0.0588389,0.0075021,-0.0231660,0.0446076,0.0391892,0.0408322,0.0309845,0.1051866,-0.0517544,0.0242831,0.0485437,-0.0555556,0.0423729,-0.0529554,-0.0596288,-0.0106094,0.0817955,0.0463796,-0.0440977,0.0825645,-0.0557255,0.0037028,-0.0175236,0.0086834,0.0439739,0.0073546,-0.0561848,0.0456471,0.0067507,0.0058114,0.0106667,-0.0393580,0.0114443,-0.0753564,0.0168869,0.0235860,0.0056431,0.0051438,-0.0107002,0.0317423,-0.0407931,-0.0681872,0.0308516,0.0499629,-0.0129564,0.0238663,-0.0146853,0.0480246,-0.0083521,-0.0421125,0.1050380,0.0133333,0.0528438,0.0282201,0.0590080,0.0262866,-0.0470779,0.0626538,-0.0190595,-0.0604685,0.0309239,0.0168729,0.0610251,-0.0479583,-0.0804891,-0.0063517,0.0437475,-0.0223923,0.0863352,0.0528023,-0.0332078,-0.0582507,0.0800902,0.0142733,-0.0317488,-0.0577809,0.1320542,-0.0242606,0.0781676,-0.0018954,0.0261117,-0.0458051,-0.0244060
BRK.B,-0.0183551,0.1113331,0.0115592,-0.0312341,0.0313237,0.0095311,0.0240433,-0.0110633,0.0107868,0.0278719,0.0210089,0.0194999,0.0482281,-0.0091794,-0.0197718,0.0384970,0.0561598,0.0498790,0.0235542,0.0493537,0.0408735,0.0303030,0.0199269,-0.0054603,-0.0259930,0.0216664,-0.0154310,0.0014885,-0.0032348,-0.0122796,0.1115354,-0.0277223,0.0459326,0.0075418,0.0015595,0.0272480,0.0479727,0.0120046,0.0262255,0.0580043,-0.0335659,0.0192727,-0.0236520,-0.0162184,0.0001391,-0.0210043,-0.0274936,0.0422967,-0.0738015,0.0017404,0.0454751,-0.0226156,-0.0061899,-0.0261894,0.0339061,0.0576135,0.0293869,-0.0143659,-0.0303304,0.0317085,0.0321215,-0.0150568,-0.0184263,0.1034555,0.0456178,-0.0345887,0.0503458,0.0207629,-0.0487011,-0.0126459,0.0614404,-0.0081026,0.0492478,0.0075613,0.0448607,-0.0245797,0.0726519,0.0693074,-0.0542109,0.0407260,-0.0482632,0.0110660,-0.0196305,-0.0271931,0.0800695,0.0484476,-0.0093441,0.0306429,-0.0745344,-0.0341927,0.0276094,0.0017846,0.0156366,0.0196833,-0.0166276,0.0452845,-0.0677730,0.0183994,0.0146886,0.0518240,0.0019268,0.0356227,-0.0119816,-0.0656016,-0.1392654,-0.0099037,0.0330992,-0.0318211,0.0999494,0.1136990,-0.0348560,-0.0424349,0.1359734,-0.0021843,-0.0045970,0.0578378,0.0761299,0.0572985,0.0571898,-0.0438645,0.0079173,0.0304878,-0.0328228
GWW,-0.0470323,0.1908105,0.0910046,0.0015516,0.0354186,0.0785265,0.0407099,-0.0447254,-0.0836489,-0.0349228,0.0933034,-0.0030356,0.0031431,0.0051895,-0.0687707,0.0353033,0.0620359,0.1022624,-0.0270176,0.0833035,0.0685464,-0.0158632,0.0410442,-0.0412387,0.0528202,-0.0324741,0.0372375,-0.0604310,0.0382097,-0.1046014,0.0748645,-0.0063535,0.0175439,0.0569083,-0.0797443,-0.0405411,0.0472623,0.0134625,0.0103890,-0.0184059,-0.0186710,-0.0221226,-0.0174569,-0.0028834,0.0465660,-0.0203169,-0.0299876,-0.0330953,-0.0240570,-0.0039422,-0.0395323,-0.0548004,0.0207440,-0.0391304,0.1027505,0.0632089,0.0231993,-0.0124351,-0.0396306,0.0042784,0.0572607,-0.0446274,-0.0712472,0.0847698,0.0726536,0.0343279,0.0423123,-0.0507531,-0.1836625,-0.1228425,0.0357761,-0.0406128,-0.0414029,0.0234432,0.0793726,0.0724940,0.1385111,0.0410473,0.1622881,0.0400104,-0.0057100,0.0613761,0.0779818,-0.0299903,0.1421364,-0.0027466,-0.1019336,-0.0712637,-0.0287319,-0.0221864,0.0863144,-0.0266284,0.0676972,-0.1218885,-0.0197057,-0.0192904,0.0153823,0.0251871,0.0440422,0.1052012,-0.0078279,0.0750781,-0.1098749,-0.0572833,-0.1615126,0.1352998,0.1242834,0.0066026,0.1090077,0.0699792,-0.0365323,-0.0055953,0.1947674,-0.0095625,-0.1058170,0.0060735,0.0736766,0.0578504,0.0845696,-0.0334553,0.0292050,-0.0457611,-0.0699142